adj,abandoned,AFFECTS_POSITIVE,GOLD_STANDARD
adj,abatable,AFFECTS_POSITIVE,AUTOMATIC
adj,ablated,AFFECTS_POSITIVE,AUTOMATIC
adj,abolishable,AFFECTS_POSITIVE,AUTOMATIC
adj,abortive,AFFECTS_POSITIVE,AUTOMATIC
adj,absent,AFFECTS_POSITIVE,AUTOMATIC
adj,absolved,AFFECTS_POSITIVE,AUTOMATIC
adj,accidental,AFFECTS_POSITIVE,AUTOMATIC
adj,adulterate,AFFECTS_POSITIVE,AUTOMATIC
adj,adulterated,AFFECTS_POSITIVE,AUTOMATIC
adj,alleviated,AFFECTS_POSITIVE,AUTOMATIC
adj,alleviative,AFFECTS_POSITIVE,AUTOMATIC
adj,alterative,AFFECTS_NEGATIVE,AUTOMATIC
adj,ambiguous,AFFECTS_POSITIVE,GOLD_STANDARD
adj,ameliorative,AFFECTS_POSITIVE,AUTOMATIC
adj,amendable,AFFECTS_POSITIVE,AUTOMATIC
adj,amended,AFFECTS_POSITIVE,AUTOMATIC
adj,anemic,AFFECTS_POSITIVE,AUTOMATIC
adj,annihilated,AFFECTS_POSITIVE,AUTOMATIC
adj,antagonistic,AFFECTS_BOTH,AUTOMATIC
adj,antiquated,AFFECTS_POSITIVE,GOLD_STANDARD
adj,antithetical,AFFECTS_POSITIVE,AUTOMATIC
adj,artificial,AFFECTS_POSITIVE,AUTOMATIC
adj,asphyxiated,AFFECTS_POSITIVE,AUTOMATIC
adj,asphyxiating,AFFECTS_POSITIVE,AUTOMATIC
adj,atrophied,AFFECTS_POSITIVE,AUTOMATIC
adj,attenuate,AFFECTS_POSITIVE,AUTOMATIC
adj,attenuated,AFFECTS_POSITIVE,AUTOMATIC
adj,avertable,AFFECTS_POSITIVE,AUTOMATIC
adj,avertible,AFFECTS_POSITIVE,AUTOMATIC
adj,avoidable,AFFECTS_POSITIVE,AUTOMATIC
adj,bad,AFFECTS_POSITIVE,AUTOMATIC
adj,baleful,AFFECTS_POSITIVE,GOLD_STANDARD
adj,banned,AFFECTS_POSITIVE,AUTOMATIC
adj,barred,AFFECTS_POSITIVE,AUTOMATIC
adj,barren,AFFECTS_POSITIVE,AUTOMATIC
adj,barricaded,AFFECTS_POSITIVE,AUTOMATIC
adj,bastard,AFFECTS_POSITIVE,AUTOMATIC
adj,bated,AFFECTS_POSITIVE,AUTOMATIC
adj,beggarly,AFFECTS_BOTH,AUTOMATIC
adj,benumbed,AFFECTS_POSITIVE,AUTOMATIC
adj,bereaved,AFFECTS_POSITIVE,GOLD_STANDARD
adj,bereft,AFFECTS_POSITIVE,AUTOMATIC
adj,better,AFFECTS_BOTH,AUTOMATIC
adj,black,AFFECTS_POSITIVE,GOLD_STANDARD
adj,blockaded,AFFECTS_POSITIVE,AUTOMATIC
adj,blocked,AFFECTS_POSITIVE,AUTOMATIC
adj,blunt,AFFECTS_POSITIVE,AUTOMATIC
adj,blunted,AFFECTS_POSITIVE,AUTOMATIC
adj,bogus,AFFECTS_POSITIVE,AUTOMATIC
adj,botched,AFFECTS_POSITIVE,AUTOMATIC
adj,brittle,AFFECTS_POSITIVE,AUTOMATIC
adj,broken,AFFECTS_POSITIVE,AUTOMATIC
adj,bumbling,AFFECTS_BOTH,AUTOMATIC
adj,bungled,AFFECTS_POSITIVE,AUTOMATIC
adj,bungling,AFFECTS_POSITIVE,AUTOMATIC
adj,buried,AFFECTS_BOTH,AUTOMATIC
adj,burned,AFFECTS_BOTH,GOLD_STANDARD
adj,burning,AFFECTS_POSITIVE,AUTOMATIC
adj,burnt,AFFECTS_BOTH,AUTOMATIC
adj,bust,AFFECTS_POSITIVE,AUTOMATIC
adj,busted,AFFECTS_POSITIVE,AUTOMATIC
adj,cancelled,AFFECTS_POSITIVE,AUTOMATIC
adj,censored,AFFECTS_POSITIVE,AUTOMATIC
adj,choked,AFFECTS_POSITIVE,AUTOMATIC
adj,clear,AFFECTS_POSITIVE,AUTOMATIC
adj,cleared,AFFECTS_POSITIVE,AUTOMATIC
adj,clipped,AFFECTS_POSITIVE,AUTOMATIC
adj,clogged,AFFECTS_POSITIVE,AUTOMATIC
adj,cloistered,AFFECTS_NEGATIVE,GOLD_STANDARD
adj,closed,AFFECTS_POSITIVE,AUTOMATIC
adj,clouded,AFFECTS_POSITIVE,AUTOMATIC
adj,cold,AFFECTS_POSITIVE,GOLD_STANDARD
adj,compensated,AFFECTS_POSITIVE,AUTOMATIC
adj,confusing,AFFECTS_POSITIVE,AUTOMATIC
adj,confutable,AFFECTS_POSITIVE,AUTOMATIC
adj,confutative,AFFECTS_POSITIVE,AUTOMATIC
adj,conquerable,AFFECTS_POSITIVE,AUTOMATIC
adj,constrained,AFFECTS_POSITIVE,AUTOMATIC
adj,constrictive,AFFECTS_POSITIVE,AUTOMATIC
adj,consumptive,AFFECTS_POSITIVE,GOLD_STANDARD
adj,convalescent,AFFECTS_POSITIVE,AUTOMATIC
adj,correctable,AFFECTS_POSITIVE,AUTOMATIC
adj,corrected,AFFECTS_POSITIVE,AUTOMATIC
adj,corrupt,AFFECTS_POSITIVE,AUTOMATIC
adj,corrupted,AFFECTS_POSITIVE,AUTOMATIC
adj,corruptible,AFFECTS_POSITIVE,AUTOMATIC
adj,corrupting,AFFECTS_POSITIVE,AUTOMATIC
adj,corruptive,AFFECTS_POSITIVE,AUTOMATIC
adj,costly,AFFECTS_POSITIVE,AUTOMATIC
adj,counter,AFFECTS_BOTH,GOLD_STANDARD
adj,counteractive,AFFECTS_POSITIVE,AUTOMATIC
adj,cowardly,AFFECTS_POSITIVE,AUTOMATIC
adj,cringing,AFFECTS_POSITIVE,AUTOMATIC
adj,crippled,AFFECTS_POSITIVE,AUTOMATIC
adj,crumbly,AFFECTS_POSITIVE,AUTOMATIC
adj,crumpled,AFFECTS_POSITIVE,AUTOMATIC
adj,crushed,AFFECTS_POSITIVE,AUTOMATIC
adj,curative,AFFECTS_NEGATIVE,GOLD_STANDARD
adj,cut,AFFECTS_BOTH,AUTOMATIC
adj,damaged,AFFECTS_BOTH,GOLD_STANDARD
adj,damaging,AFFECTS_POSITIVE,AUTOMATIC
adj,dangerous,AFFECTS_POSITIVE,AUTOMATIC
adj,dashed,AFFECTS_POSITIVE,AUTOMATIC
adj,dated,AFFECTS_POSITIVE,GOLD_STANDARD
adj,dead,AFFECTS_BOTH,GOLD_STANDARD
adj,deadened,AFFECTS_BOTH,AUTOMATIC
adj,deadening,AFFECTS_POSITIVE,GOLD_STANDARD
adj,deadly,AFFECTS_POSITIVE,AUTOMATIC
adj,debased,AFFECTS_POSITIVE,AUTOMATIC
adj,decayable,AFFECTS_POSITIVE,AUTOMATIC
adj,decayed,AFFECTS_POSITIVE,AUTOMATIC
adj,deceased,AFFECTS_POSITIVE,AUTOMATIC
adj,deceptive,AFFECTS_POSITIVE,AUTOMATIC
adj,decreased,AFFECTS_POSITIVE,AUTOMATIC
adj,decreasing,AFFECTS_POSITIVE,AUTOMATIC
adj,decrepit,AFFECTS_POSITIVE,AUTOMATIC
adj,defeated,AFFECTS_POSITIVE,AUTOMATIC
adj,defensive,AFFECTS_NEGATIVE,GOLD_STANDARD
adj,defiled,AFFECTS_POSITIVE,AUTOMATIC
adj,deflated,AFFECTS_POSITIVE,AUTOMATIC
adj,degenerate,AFFECTS_POSITIVE,AUTOMATIC
adj,degraded,AFFECTS_POSITIVE,AUTOMATIC
adj,delicate,AFFECTS_POSITIVE,GOLD_STANDARD
adj,delinquent,AFFECTS_POSITIVE,AUTOMATIC
adj,demolished,AFFECTS_POSITIVE,AUTOMATIC
adj,demoralised,AFFECTS_POSITIVE,AUTOMATIC
adj,demoralized,AFFECTS_POSITIVE,AUTOMATIC
adj,departed,AFFECTS_POSITIVE,AUTOMATIC
adj,depleted,AFFECTS_POSITIVE,AUTOMATIC
adj,depressed,AFFECTS_POSITIVE,AUTOMATIC
adj,deprived,AFFECTS_POSITIVE,AUTOMATIC
adj,deranged,AFFECTS_POSITIVE,AUTOMATIC
adj,derelict,AFFECTS_POSITIVE,AUTOMATIC
adj,deserted,AFFECTS_POSITIVE,AUTOMATIC
adj,despairing,AFFECTS_POSITIVE,AUTOMATIC
adj,despoiled,AFFECTS_POSITIVE,AUTOMATIC
adj,destroyable,AFFECTS_POSITIVE,AUTOMATIC
adj,destroyed,AFFECTS_POSITIVE,AUTOMATIC
adj,destructive,AFFECTS_POSITIVE,AUTOMATIC
adj,detractive,AFFECTS_POSITIVE,AUTOMATIC
adj,detrimental,AFFECTS_POSITIVE,AUTOMATIC
adj,deviant,AFFECTS_POSITIVE,GOLD_STANDARD
adj,deviate,AFFECTS_POSITIVE,AUTOMATIC
adj,devoid,AFFECTS_BOTH,GOLD_STANDARD
adj,difficult,AFFECTS_POSITIVE,AUTOMATIC
adj,dilapidated,AFFECTS_POSITIVE,GOLD_STANDARD
adj,dilute,AFFECTS_POSITIVE,AUTOMATIC
adj,diluted,AFFECTS_POSITIVE,AUTOMATIC
adj,diminished,AFFECTS_POSITIVE,AUTOMATIC
adj,diminishing,AFFECTS_POSITIVE,AUTOMATIC
adj,disabled,AFFECTS_POSITIVE,AUTOMATIC
adj,disappointed,AFFECTS_POSITIVE,GOLD_STANDARD
adj,discarded,AFFECTS_POSITIVE,AUTOMATIC
adj,discharged,AFFECTS_POSITIVE,AUTOMATIC
adj,discomfited,AFFECTS_POSITIVE,AUTOMATIC
adj,disconfirming,AFFECTS_POSITIVE,AUTOMATIC
adj,discontinued,AFFECTS_POSITIVE,AUTOMATIC
adj,discordant,AFFECTS_POSITIVE,AUTOMATIC
adj,discouraged,AFFECTS_POSITIVE,AUTOMATIC
adj,discouraging,AFFECTS_POSITIVE,AUTOMATIC
adj,disenchanted,AFFECTS_POSITIVE,GOLD_STANDARD
adj,disentangled,AFFECTS_POSITIVE,AUTOMATIC
adj,dishonest,AFFECTS_POSITIVE,AUTOMATIC
adj,disintegrable,AFFECTS_POSITIVE,AUTOMATIC
adj,disintegrative,AFFECTS_POSITIVE,AUTOMATIC
adj,disjointed,AFFECTS_POSITIVE,AUTOMATIC
adj,dismantled,AFFECTS_POSITIVE,AUTOMATIC
adj,dismissed,AFFECTS_POSITIVE,AUTOMATIC
adj,dismissible,AFFECTS_POSITIVE,AUTOMATIC
adj,dismissive,AFFECTS_POSITIVE,GOLD_STANDARD
adj,disqualified,AFFECTS_POSITIVE,AUTOMATIC
adj,disregarded,AFFECTS_POSITIVE,AUTOMATIC
adj,disrupted,AFFECTS_POSITIVE,AUTOMATIC
adj,disruptive,AFFECTS_POSITIVE,AUTOMATIC
adj,dissipated,AFFECTS_POSITIVE,AUTOMATIC
adj,disturbed,AFFECTS_POSITIVE,AUTOMATIC
adj,disturbing,AFFECTS_POSITIVE,AUTOMATIC
adj,diversionary,AFFECTS_POSITIVE,GOLD_STANDARD
adj,doomed,AFFECTS_BOTH,GOLD_STANDARD
adj,drab,AFFECTS_POSITIVE,AUTOMATIC
adj,drained,AFFECTS_POSITIVE,AUTOMATIC
adj,dreary,AFFECTS_POSITIVE,AUTOMATIC
adj,dropping,AFFECTS_BOTH,AUTOMATIC
adj,dull,AFFECTS_BOTH,GOLD_STANDARD
adj,dulled,AFFECTS_POSITIVE,AUTOMATIC
adj,dwindling,AFFECTS_POSITIVE,AUTOMATIC
adj,dying,AFFECTS_BOTH,GOLD_STANDARD
adj,eased,AFFECTS_POSITIVE,AUTOMATIC
adj,effaceable,AFFECTS_POSITIVE,AUTOMATIC
adj,elusive,AFFECTS_POSITIVE,GOLD_STANDARD
adj,empty,AFFECTS_BOTH,GOLD_STANDARD
adj,encumbered,AFFECTS_POSITIVE,AUTOMATIC
adj,endangered,AFFECTS_POSITIVE,AUTOMATIC
adj,ended,AFFECTS_POSITIVE,AUTOMATIC
adj,erasable,AFFECTS_POSITIVE,AUTOMATIC
adj,eroded,AFFECTS_POSITIVE,AUTOMATIC
adj,erroneous,AFFECTS_POSITIVE,GOLD_STANDARD
adj,evaporable,AFFECTS_POSITIVE,AUTOMATIC
adj,evaporated,AFFECTS_POSITIVE,AUTOMATIC
adj,evasive,AFFECTS_POSITIVE,AUTOMATIC
adj,exchanged,AFFECTS_POSITIVE,AUTOMATIC
adj,exempt,AFFECTS_POSITIVE,AUTOMATIC
adj,exhausted,AFFECTS_BOTH,AUTOMATIC
adj,exonerated,AFFECTS_POSITIVE,AUTOMATIC
adj,expired,AFFECTS_POSITIVE,AUTOMATIC
adj,exploded,AFFECTS_POSITIVE,AUTOMATIC
adj,exterminable,AFFECTS_POSITIVE,AUTOMATIC
adj,exterminated,AFFECTS_POSITIVE,AUTOMATIC
adj,extinguishable,AFFECTS_POSITIVE,AUTOMATIC
adj,extinguished,AFFECTS_POSITIVE,AUTOMATIC
adj,extirpable,AFFECTS_POSITIVE,AUTOMATIC
adj,extractable,AFFECTS_POSITIVE,AUTOMATIC
adj,fabled,AFFECTS_NEGATIVE,GOLD_STANDARD
adj,faded,AFFECTS_POSITIVE,AUTOMATIC
adj,fagged,AFFECTS_BOTH,AUTOMATIC
adj,failing,AFFECTS_POSITIVE,AUTOMATIC
adj,faint,AFFECTS_BOTH,GOLD_STANDARD
adj,fake,AFFECTS_POSITIVE,GOLD_STANDARD
adj,fallacious,AFFECTS_POSITIVE,AUTOMATIC
adj,falling,AFFECTS_BOTH,GOLD_STANDARD
adj,far,AFFECTS_BOTH,GOLD_STANDARD
adj,fated,AFFECTS_BOTH,AUTOMATIC
adj,faux,AFFECTS_POSITIVE,AUTOMATIC
adj,fearful,AFFECTS_POSITIVE,AUTOMATIC
adj,feeble,AFFECTS_POSITIVE,AUTOMATIC
adj,feigned,AFFECTS_POSITIVE,GOLD_STANDARD
adj,fickle,AFFECTS_POSITIVE,AUTOMATIC
adj,fictional,AFFECTS_POSITIVE,GOLD_STANDARD
adj,fictitious,AFFECTS_POSITIVE,AUTOMATIC
adj,finished,AFFECTS_POSITIVE,AUTOMATIC
adj,flagging,AFFECTS_POSITIVE,AUTOMATIC
adj,fleeting,AFFECTS_POSITIVE,AUTOMATIC
adj,flimsy,AFFECTS_POSITIVE,GOLD_STANDARD
adj,foiled,AFFECTS_POSITIVE,AUTOMATIC
adj,forbidding,AFFECTS_POSITIVE,AUTOMATIC
adj,forfeit,AFFECTS_POSITIVE,AUTOMATIC
adj,forfeited,AFFECTS_POSITIVE,AUTOMATIC
adj,forgetful,AFFECTS_POSITIVE,AUTOMATIC
adj,fragile,AFFECTS_POSITIVE,GOLD_STANDARD
adj,fragmental,AFFECTS_POSITIVE,AUTOMATIC
adj,fragmented,AFFECTS_BOTH,AUTOMATIC
adj,frail,AFFECTS_POSITIVE,AUTOMATIC
adj,free,AFFECTS_BOTH,AUTOMATIC
adj,frozen,AFFECTS_BOTH,GOLD_STANDARD
adj,frustrated,AFFECTS_POSITIVE,GOLD_STANDARD
adj,frustrating,AFFECTS_POSITIVE,GOLD_STANDARD
adj,fumbling,AFFECTS_POSITIVE,AUTOMATIC
adj,gone,AFFECTS_BOTH,AUTOMATIC
adj,grim,AFFECTS_POSITIVE,AUTOMATIC
adj,harmful,AFFECTS_POSITIVE,GOLD_STANDARD
adj,hazardous,AFFECTS_POSITIVE,GOLD_STANDARD
adj,healed,AFFECTS_POSITIVE,AUTOMATIC
adj,healing,AFFECTS_NEGATIVE,AUTOMATIC
adj,healthier,AFFECTS_POSITIVE,AUTOMATIC
adj,healthy,AFFECTS_POSITIVE,AUTOMATIC
adj,hedged,AFFECTS_POSITIVE,AUTOMATIC
adj,heedless,AFFECTS_POSITIVE,GOLD_STANDARD
adj,helpless,AFFECTS_POSITIVE,AUTOMATIC
adj,hesitant,AFFECTS_POSITIVE,AUTOMATIC
adj,hollow,AFFECTS_POSITIVE,AUTOMATIC
adj,hostile,AFFECTS_POSITIVE,GOLD_STANDARD
adj,hurt,AFFECTS_POSITIVE,AUTOMATIC
adj,hurtful,AFFECTS_POSITIVE,AUTOMATIC
adj,idle,AFFECTS_BOTH,GOLD_STANDARD
adj,ignoble,AFFECTS_POSITIVE,AUTOMATIC
adj,ignorant,AFFECTS_POSITIVE,AUTOMATIC
adj,ignored,AFFECTS_POSITIVE,AUTOMATIC
adj,ill,AFFECTS_POSITIVE,AUTOMATIC
adj,illusive,AFFECTS_POSITIVE,AUTOMATIC
adj,illusory,AFFECTS_POSITIVE,GOLD_STANDARD
adj,imitation,AFFECTS_POSITIVE,AUTOMATIC
adj,immaterial,AFFECTS_POSITIVE,AUTOMATIC
adj,immodest,AFFECTS_POSITIVE,AUTOMATIC
adj,immune,AFFECTS_BOTH,GOLD_STANDARD
adj,impaired,AFFECTS_POSITIVE,AUTOMATIC
adj,impatient,AFFECTS_POSITIVE,AUTOMATIC
adj,impeded,AFFECTS_POSITIVE,AUTOMATIC
adj,impertinent,AFFECTS_POSITIVE,GOLD_STANDARD
adj,imperviable,AFFECTS_POSITIVE,AUTOMATIC
adj,impervious,AFFECTS_BOTH,GOLD_STANDARD
adj,impotent,AFFECTS_POSITIVE,AUTOMATIC
adj,impracticable,AFFECTS_POSITIVE,AUTOMATIC
adj,imprecise,AFFECTS_POSITIVE,AUTOMATIC
adj,improbable,AFFECTS_BOTH,AUTOMATIC
adj,improvable,AFFECTS_POSITIVE,AUTOMATIC
adj,improving,AFFECTS_POSITIVE,AUTOMATIC
adj,imprudent,AFFECTS_POSITIVE,AUTOMATIC
adj,inaccessible,AFFECTS_POSITIVE,GOLD_STANDARD
adj,inaccurate,AFFECTS_POSITIVE,AUTOMATIC
adj,inactive,AFFECTS_BOTH,GOLD_STANDARD
adj,incapable,AFFECTS_POSITIVE,AUTOMATIC
adj,inconsequent,AFFECTS_BOTH,AUTOMATIC
adj,inconsequential,AFFECTS_BOTH,GOLD_STANDARD
adj,indefensible,AFFECTS_POSITIVE,GOLD_STANDARD
adj,indeterminable,AFFECTS_POSITIVE,AUTOMATIC
adj,indiscreet,AFFECTS_POSITIVE,AUTOMATIC
adj,ineffective,AFFECTS_BOTH,GOLD_STANDARD
adj,ineffectual,AFFECTS_BOTH,AUTOMATIC
adj,inefficient,AFFECTS_BOTH,GOLD_STANDARD
adj,inexact,AFFECTS_POSITIVE,GOLD_STANDARD
adj,inexpedient,AFFECTS_POSITIVE,AUTOMATIC
adj,infeasible,AFFECTS_POSITIVE,AUTOMATIC
adj,infinitesimal,AFFECTS_BOTH,AUTOMATIC
adj,infirm,AFFECTS_POSITIVE,AUTOMATIC
adj,inhibited,AFFECTS_POSITIVE,AUTOMATIC
adj,injured,AFFECTS_POSITIVE,GOLD_STANDARD
adj,innocent,AFFECTS_POSITIVE,AUTOMATIC
adj,innocuous,AFFECTS_POSITIVE,AUTOMATIC
adj,insane,AFFECTS_POSITIVE,AUTOMATIC
adj,insanitary,AFFECTS_POSITIVE,AUTOMATIC
adj,insecure,AFFECTS_POSITIVE,AUTOMATIC
adj,insignificant,AFFECTS_POSITIVE,AUTOMATIC
adj,insubstantial,AFFECTS_POSITIVE,AUTOMATIC
adj,insupportable,AFFECTS_POSITIVE,AUTOMATIC
adj,interrupted,AFFECTS_POSITIVE,AUTOMATIC
adj,invalid,AFFECTS_POSITIVE,AUTOMATIC
adj,justifiable,AFFECTS_NEGATIVE,GOLD_STANDARD
adj,kaput,AFFECTS_BOTH,GOLD_STANDARD
adj,lackadaisical,AFFECTS_POSITIVE,AUTOMATIC
adj,lacking,AFFECTS_POSITIVE,AUTOMATIC
adj,lame,AFFECTS_POSITIVE,AUTOMATIC
adj,languid,AFFECTS_POSITIVE,AUTOMATIC
adj,languorous,AFFECTS_POSITIVE,GOLD_STANDARD
adj,lapsed,AFFECTS_POSITIVE,AUTOMATIC
adj,lax,AFFECTS_POSITIVE,GOLD_STANDARD
adj,lessened,AFFECTS_POSITIVE,AUTOMATIC
adj,lifeless,AFFECTS_POSITIVE,AUTOMATIC
adj,limp,AFFECTS_POSITIVE,AUTOMATIC
adj,little,AFFECTS_BOTH,GOLD_STANDARD
adj,loose,AFFECTS_POSITIVE,AUTOMATIC
adj,loosened,AFFECTS_POSITIVE,AUTOMATIC
adj,lost,AFFECTS_BOTH,GOLD_STANDARD
adj,lousy,AFFECTS_BOTH,AUTOMATIC
adj,low,AFFECTS_BOTH,GOLD_STANDARD
adj,lowered,AFFECTS_BOTH,AUTOMATIC
adj,lowering,AFFECTS_POSITIVE,AUTOMATIC
adj,lowest,AFFECTS_BOTH,AUTOMATIC
adj,maimed,AFFECTS_POSITIVE,AUTOMATIC
adj,marred,AFFECTS_POSITIVE,AUTOMATIC
adj,meager,AFFECTS_POSITIVE,GOLD_STANDARD
adj,meagerly,AFFECTS_POSITIVE,AUTOMATIC
adj,meagre,AFFECTS_POSITIVE,AUTOMATIC
adj,mean,AFFECTS_POSITIVE,AUTOMATIC
adj,meaningless,AFFECTS_POSITIVE,AUTOMATIC
adj,measly,AFFECTS_POSITIVE,AUTOMATIC
adj,meliorative,AFFECTS_POSITIVE,AUTOMATIC
adj,minacious,AFFECTS_POSITIVE,AUTOMATIC
adj,minatory,AFFECTS_POSITIVE,AUTOMATIC
adj,minimal,AFFECTS_BOTH,AUTOMATIC
adj,minimized,AFFECTS_POSITIVE,AUTOMATIC
adj,minor,AFFECTS_POSITIVE,AUTOMATIC
adj,minute,AFFECTS_BOTH,GOLD_STANDARD
adj,mischievous,AFFECTS_POSITIVE,AUTOMATIC
adj,misguided,AFFECTS_POSITIVE,AUTOMATIC
adj,missed,AFFECTS_POSITIVE,AUTOMATIC
adj,missing,AFFECTS_POSITIVE,AUTOMATIC
adj,mistaken,AFFECTS_POSITIVE,GOLD_STANDARD
adj,mitigable,AFFECTS_POSITIVE,AUTOMATIC
adj,mitigated,AFFECTS_POSITIVE,AUTOMATIC
adj,mitigative,AFFECTS_POSITIVE,AUTOMATIC
adj,modest,AFFECTS_POSITIVE,AUTOMATIC
adj,morbid,AFFECTS_POSITIVE,AUTOMATIC
adj,moribund,AFFECTS_POSITIVE,AUTOMATIC
adj,mourning,AFFECTS_POSITIVE,AUTOMATIC
adj,mutilated,AFFECTS_POSITIVE,AUTOMATIC
adj,mythic,AFFECTS_POSITIVE,AUTOMATIC
adj,mythical,AFFECTS_POSITIVE,GOLD_STANDARD
adj,mythologic,AFFECTS_POSITIVE,AUTOMATIC
adj,mythological,AFFECTS_POSITIVE,AUTOMATIC
adj,narrow,AFFECTS_POSITIVE,GOLD_STANDARD
adj,narrowed,AFFECTS_POSITIVE,AUTOMATIC
adj,narrowing,AFFECTS_POSITIVE,AUTOMATIC
adj,negative,AFFECTS_POSITIVE,AUTOMATIC
adj,neglected,AFFECTS_POSITIVE,AUTOMATIC
adj,neglectful,AFFECTS_POSITIVE,AUTOMATIC
adj,negligible,AFFECTS_POSITIVE,AUTOMATIC
adj,neutralised,AFFECTS_POSITIVE,AUTOMATIC
adj,neutralized,AFFECTS_POSITIVE,AUTOMATIC
adj,niggling,AFFECTS_BOTH,AUTOMATIC
adj,nonessential,AFFECTS_POSITIVE,GOLD_STANDARD
adj,nonextant,AFFECTS_POSITIVE,AUTOMATIC
adj,nonrational,AFFECTS_POSITIVE,AUTOMATIC
adj,nullified,AFFECTS_POSITIVE,AUTOMATIC
adj,obliterable,AFFECTS_POSITIVE,AUTOMATIC
adj,obliterate,AFFECTS_POSITIVE,AUTOMATIC
adj,obliterated,AFFECTS_POSITIVE,AUTOMATIC
adj,obsolete,AFFECTS_POSITIVE,AUTOMATIC
adj,obstructed,AFFECTS_POSITIVE,AUTOMATIC
adj,obstructive,AFFECTS_POSITIVE,AUTOMATIC
adj,occluded,AFFECTS_POSITIVE,AUTOMATIC
adj,out,AFFECTS_BOTH,GOLD_STANDARD
adj,out-of-date,AFFECTS_POSITIVE,GOLD_STANDARD
adj,outdated,AFFECTS_POSITIVE,GOLD_STANDARD
adj,overdue,AFFECTS_POSITIVE,AUTOMATIC
adj,overturned,AFFECTS_POSITIVE,AUTOMATIC
adj,palliative,AFFECTS_POSITIVE,AUTOMATIC
adj,paltry,AFFECTS_POSITIVE,GOLD_STANDARD
adj,passe,AFFECTS_POSITIVE,AUTOMATIC
adj,passing,AFFECTS_POSITIVE,AUTOMATIC
adj,pedestrian,AFFECTS_POSITIVE,AUTOMATIC
adj,penetrable,AFFECTS_POSITIVE,AUTOMATIC
adj,perishable,AFFECTS_POSITIVE,AUTOMATIC
adj,perturbed,AFFECTS_POSITIVE,AUTOMATIC
adj,petty,AFFECTS_BOTH,AUTOMATIC
adj,phoney,AFFECTS_POSITIVE,GOLD_STANDARD
adj,phony,AFFECTS_POSITIVE,GOLD_STANDARD
adj,picayune,AFFECTS_BOTH,AUTOMATIC
adj,piddling,AFFECTS_BOTH,AUTOMATIC
adj,piffling,AFFECTS_BOTH,AUTOMATIC
adj,poisonous,AFFECTS_POSITIVE,GOLD_STANDARD
adj,powerless,AFFECTS_POSITIVE,GOLD_STANDARD
adj,precarious,AFFECTS_POSITIVE,AUTOMATIC
adj,prejudicial,AFFECTS_POSITIVE,AUTOMATIC
adj,preventative,AFFECTS_POSITIVE,AUTOMATIC
adj,preventive,AFFECTS_POSITIVE,AUTOMATIC
adj,profaned,AFFECTS_POSITIVE,AUTOMATIC
adj,prohibited,AFFECTS_POSITIVE,AUTOMATIC
adj,prohibitive,AFFECTS_POSITIVE,AUTOMATIC
adj,protective,AFFECTS_POSITIVE,AUTOMATIC
adj,pulverised,AFFECTS_POSITIVE,AUTOMATIC
adj,pulverized,AFFECTS_POSITIVE,AUTOMATIC
adj,punctured,AFFECTS_POSITIVE,AUTOMATIC
adj,purposeless,AFFECTS_POSITIVE,GOLD_STANDARD
adj,putrefiable,AFFECTS_POSITIVE,AUTOMATIC
adj,puzzling,AFFECTS_POSITIVE,AUTOMATIC
adj,quelled,AFFECTS_POSITIVE,AUTOMATIC
adj,quenched,AFFECTS_POSITIVE,AUTOMATIC
adj,quits,AFFECTS_POSITIVE,AUTOMATIC
adj,raddled,AFFECTS_POSITIVE,AUTOMATIC
adj,ramshackle,AFFECTS_POSITIVE,AUTOMATIC
adj,ratty,AFFECTS_POSITIVE,GOLD_STANDARD
adj,ravaged,AFFECTS_POSITIVE,AUTOMATIC
adj,razed,AFFECTS_POSITIVE,AUTOMATIC
adj,receding,AFFECTS_POSITIVE,AUTOMATIC
adj,recovered,AFFECTS_BOTH,AUTOMATIC
adj,recovering,AFFECTS_POSITIVE,AUTOMATIC
adj,rectifiable,AFFECTS_POSITIVE,AUTOMATIC
adj,rectified,AFFECTS_POSITIVE,AUTOMATIC
adj,reduced,AFFECTS_POSITIVE,AUTOMATIC
adj,reducible,AFFECTS_POSITIVE,AUTOMATIC
adj,refutable,AFFECTS_POSITIVE,AUTOMATIC
adj,regenerate,AFFECTS_POSITIVE,AUTOMATIC
adj,rejected,AFFECTS_POSITIVE,AUTOMATIC
adj,rejective,AFFECTS_POSITIVE,AUTOMATIC
adj,relieved,AFFECTS_POSITIVE,AUTOMATIC
adj,remediable,AFFECTS_POSITIVE,AUTOMATIC
adj,remiss,AFFECTS_POSITIVE,GOLD_STANDARD
adj,removed,AFFECTS_POSITIVE,AUTOMATIC
adj,repellant,AFFECTS_POSITIVE,AUTOMATIC
adj,repellent,AFFECTS_POSITIVE,AUTOMATIC
adj,repelling,AFFECTS_POSITIVE,AUTOMATIC
adj,repressive,AFFECTS_POSITIVE,GOLD_STANDARD
adj,repudiative,AFFECTS_POSITIVE,AUTOMATIC
adj,repulsive,AFFECTS_POSITIVE,AUTOMATIC
adj,rescindable,AFFECTS_POSITIVE,AUTOMATIC
adj,resistant,AFFECTS_BOTH,GOLD_STANDARD
adj,resistible,AFFECTS_POSITIVE,AUTOMATIC
adj,resistive,AFFECTS_POSITIVE,AUTOMATIC
adj,resolvable,AFFECTS_POSITIVE,AUTOMATIC
adj,resolved,AFFECTS_POSITIVE,AUTOMATIC
adj,restrained,AFFECTS_BOTH,GOLD_STANDARD
adj,restricted,AFFECTS_POSITIVE,AUTOMATIC
adj,restrictive,AFFECTS_POSITIVE,AUTOMATIC
adj,retarded,AFFECTS_POSITIVE,AUTOMATIC
adj,retracted,AFFECTS_POSITIVE,AUTOMATIC
adj,retrograde,AFFECTS_POSITIVE,AUTOMATIC
adj,retrogressive,AFFECTS_POSITIVE,AUTOMATIC
adj,reversed,AFFECTS_POSITIVE,AUTOMATIC
adj,risky,AFFECTS_POSITIVE,AUTOMATIC
adj,rotted,AFFECTS_POSITIVE,AUTOMATIC
adj,ruined,AFFECTS_POSITIVE,AUTOMATIC
adj,run-down,AFFECTS_POSITIVE,GOLD_STANDARD
adj,runaway,AFFECTS_POSITIVE,GOLD_STANDARD
adj,sanative,AFFECTS_NEGATIVE,AUTOMATIC
adj,satiate,AFFECTS_POSITIVE,AUTOMATIC
adj,satisfied,AFFECTS_NEGATIVE,GOLD_STANDARD
adj,scant,AFFECTS_POSITIVE,AUTOMATIC
adj,scorched,AFFECTS_POSITIVE,AUTOMATIC
adj,scrimpy,AFFECTS_POSITIVE,AUTOMATIC
adj,secluded,AFFECTS_NEGATIVE,AUTOMATIC
adj,senseless,AFFECTS_POSITIVE,AUTOMATIC
adj,separated,AFFECTS_POSITIVE,AUTOMATIC
adj,settled,AFFECTS_POSITIVE,AUTOMATIC
adj,shabby,AFFECTS_POSITIVE,AUTOMATIC
adj,shackled,AFFECTS_POSITIVE,AUTOMATIC
adj,shattered,AFFECTS_POSITIVE,AUTOMATIC
adj,short,AFFECTS_BOTH,AUTOMATIC
adj,shortened,AFFECTS_BOTH,AUTOMATIC
adj,shriveled,AFFECTS_POSITIVE,AUTOMATIC
adj,shrivelled,AFFECTS_POSITIVE,AUTOMATIC
adj,shut,AFFECTS_POSITIVE,AUTOMATIC
adj,silenced,AFFECTS_POSITIVE,AUTOMATIC
adj,sinister,AFFECTS_POSITIVE,AUTOMATIC
adj,slack,AFFECTS_POSITIVE,AUTOMATIC
adj,slashed,AFFECTS_POSITIVE,AUTOMATIC
adj,slight,AFFECTS_POSITIVE,AUTOMATIC
adj,slow,AFFECTS_POSITIVE,AUTOMATIC
adj,small,AFFECTS_NEGATIVE,GOLD_STANDARD
adj,smaller,AFFECTS_NEGATIVE,AUTOMATIC
adj,smashed,AFFECTS_POSITIVE,AUTOMATIC
adj,smothered,AFFECTS_POSITIVE,AUTOMATIC
adj,smothering,AFFECTS_POSITIVE,AUTOMATIC
adj,sober,AFFECTS_POSITIVE,AUTOMATIC
adj,softened,AFFECTS_POSITIVE,AUTOMATIC
adj,solved,AFFECTS_POSITIVE,AUTOMATIC
adj,somber,AFFECTS_POSITIVE,GOLD_STANDARD
adj,sombre,AFFECTS_POSITIVE,GOLD_STANDARD
adj,sorry,AFFECTS_POSITIVE,GOLD_STANDARD
adj,sparing,AFFECTS_POSITIVE,AUTOMATIC
adj,spent,AFFECTS_BOTH,GOLD_STANDARD
adj,spiritless,AFFECTS_POSITIVE,GOLD_STANDARD
adj,spoiled,AFFECTS_POSITIVE,AUTOMATIC
adj,spoilt,AFFECTS_POSITIVE,GOLD_STANDARD
adj,spurned,AFFECTS_POSITIVE,AUTOMATIC
adj,squelched,AFFECTS_POSITIVE,AUTOMATIC
adj,stagnant,AFFECTS_POSITIVE,GOLD_STANDARD
adj,stale,AFFECTS_POSITIVE,AUTOMATIC
adj,stifled,AFFECTS_POSITIVE,AUTOMATIC
adj,stillborn,AFFECTS_POSITIVE,AUTOMATIC
adj,stopped,AFFECTS_POSITIVE,AUTOMATIC
adj,strangled,AFFECTS_POSITIVE,AUTOMATIC
adj,stunted,AFFECTS_POSITIVE,AUTOMATIC
adj,subdued,AFFECTS_POSITIVE,AUTOMATIC
adj,subjugable,AFFECTS_POSITIVE,AUTOMATIC
adj,subjugated,AFFECTS_POSITIVE,AUTOMATIC
adj,substitutable,AFFECTS_POSITIVE,AUTOMATIC
adj,suffering,AFFECTS_POSITIVE,AUTOMATIC
adj,suffocating,AFFECTS_POSITIVE,GOLD_STANDARD
adj,suffocative,AFFECTS_POSITIVE,AUTOMATIC
adj,suicidal,AFFECTS_POSITIVE,GOLD_STANDARD
adj,sunk,AFFECTS_POSITIVE,AUTOMATIC
adj,sunset,AFFECTS_BOTH,GOLD_STANDARD
adj,superannuated,AFFECTS_POSITIVE,AUTOMATIC
adj,suppressed,AFFECTS_POSITIVE,AUTOMATIC
adj,suppressive,AFFECTS_POSITIVE,AUTOMATIC
adj,suspended,AFFECTS_POSITIVE,AUTOMATIC
adj,tainted,AFFECTS_POSITIVE,GOLD_STANDARD
adj,tatterdemalion,AFFECTS_POSITIVE,AUTOMATIC
adj,tattered,AFFECTS_POSITIVE,GOLD_STANDARD
adj,teensy,AFFECTS_BOTH,AUTOMATIC
adj,teeny,AFFECTS_BOTH,GOLD_STANDARD
adj,tender,AFFECTS_POSITIVE,GOLD_STANDARD
adj,tenuous,AFFECTS_POSITIVE,AUTOMATIC
adj,terminal,AFFECTS_POSITIVE,AUTOMATIC
adj,terminated,AFFECTS_POSITIVE,AUTOMATIC
adj,terrible,AFFECTS_POSITIVE,AUTOMATIC
adj,thin,AFFECTS_POSITIVE,AUTOMATIC
adj,thinned,AFFECTS_POSITIVE,AUTOMATIC
adj,threatening,AFFECTS_POSITIVE,AUTOMATIC
adj,thwarted,AFFECTS_POSITIVE,AUTOMATIC
adj,tiresome,AFFECTS_POSITIVE,AUTOMATIC
adj,transient,AFFECTS_BOTH,GOLD_STANDARD
adj,trivial,AFFECTS_BOTH,GOLD_STANDARD
adj,turned,AFFECTS_POSITIVE,AUTOMATIC
adj,twisted,AFFECTS_POSITIVE,AUTOMATIC
adj,unable,AFFECTS_BOTH,AUTOMATIC
adj,unachievable,AFFECTS_POSITIVE,AUTOMATIC
adj,unanalyzed,AFFECTS_POSITIVE,AUTOMATIC
adj,unattainable,AFFECTS_POSITIVE,GOLD_STANDARD
adj,unavailable,AFFECTS_POSITIVE,AUTOMATIC
adj,unbarred,AFFECTS_POSITIVE,AUTOMATIC
adj,unbelievable,AFFECTS_BOTH,AUTOMATIC
adj,unbolted,AFFECTS_POSITIVE,AUTOMATIC
adj,unconcerned,AFFECTS_NEGATIVE,GOLD_STANDARD
adj,unconvincing,AFFECTS_POSITIVE,AUTOMATIC
adj,undoable,AFFECTS_POSITIVE,AUTOMATIC
adj,undone,AFFECTS_POSITIVE,AUTOMATIC
adj,undue,AFFECTS_POSITIVE,AUTOMATIC
adj,uneager,AFFECTS_POSITIVE,AUTOMATIC
adj,unessential,AFFECTS_POSITIVE,GOLD_STANDARD
adj,unfavorable,AFFECTS_POSITIVE,GOLD_STANDARD
adj,unfeasible,AFFECTS_POSITIVE,AUTOMATIC
adj,unheeded,AFFECTS_POSITIVE,GOLD_STANDARD
adj,unholy,AFFECTS_POSITIVE,GOLD_STANDARD
adj,uninformed,AFFECTS_POSITIVE,AUTOMATIC
adj,unjustified,AFFECTS_POSITIVE,AUTOMATIC
adj,unkept,AFFECTS_POSITIVE,AUTOMATIC
adj,unkind,AFFECTS_POSITIVE,AUTOMATIC
adj,unlatched,AFFECTS_POSITIVE,AUTOMATIC
adj,unlikable,AFFECTS_POSITIVE,AUTOMATIC
adj,unlikely,AFFECTS_BOTH,GOLD_STANDARD
adj,unlocked,AFFECTS_POSITIVE,AUTOMATIC
adj,unmelodic,AFFECTS_POSITIVE,GOLD_STANDARD
adj,unmelodious,AFFECTS_POSITIVE,AUTOMATIC
adj,unnecessary,AFFECTS_POSITIVE,GOLD_STANDARD
adj,unneeded,AFFECTS_POSITIVE,AUTOMATIC
adj,unobtainable,AFFECTS_POSITIVE,GOLD_STANDARD
adj,unprocurable,AFFECTS_POSITIVE,AUTOMATIC
adj,unrealistic,AFFECTS_POSITIVE,AUTOMATIC
adj,unrealizable,AFFECTS_POSITIVE,AUTOMATIC
adj,unreliable,AFFECTS_POSITIVE,AUTOMATIC
adj,unsafe,AFFECTS_POSITIVE,GOLD_STANDARD
adj,unsanitary,AFFECTS_POSITIVE,GOLD_STANDARD
adj,unsated,AFFECTS_POSITIVE,AUTOMATIC
adj,unsatiated,AFFECTS_POSITIVE,AUTOMATIC
adj,unsatisfied,AFFECTS_POSITIVE,GOLD_STANDARD
adj,unsecured,AFFECTS_POSITIVE,GOLD_STANDARD
adj,unseeing,AFFECTS_POSITIVE,AUTOMATIC
adj,unsettled,AFFECTS_POSITIVE,AUTOMATIC
adj,unsound,AFFECTS_POSITIVE,AUTOMATIC
adj,unstable,AFFECTS_POSITIVE,AUTOMATIC
adj,unsuccessful,AFFECTS_POSITIVE,AUTOMATIC
adj,unsure,AFFECTS_POSITIVE,AUTOMATIC
adj,unsympathetic,AFFECTS_POSITIVE,GOLD_STANDARD
adj,untangled,AFFECTS_POSITIVE,AUTOMATIC
adj,unwise,AFFECTS_POSITIVE,GOLD_STANDARD
adj,unworkable,AFFECTS_POSITIVE,GOLD_STANDARD
adj,upset,AFFECTS_POSITIVE,GOLD_STANDARD
adj,upsetting,AFFECTS_POSITIVE,AUTOMATIC
adj,vanished,AFFECTS_POSITIVE,AUTOMATIC
adj,vanquishable,AFFECTS_POSITIVE,AUTOMATIC
adj,vapid,AFFECTS_POSITIVE,AUTOMATIC
adj,vaporized,AFFECTS_POSITIVE,AUTOMATIC
adj,violated,AFFECTS_POSITIVE,AUTOMATIC
adj,violative,AFFECTS_POSITIVE,AUTOMATIC
adj,vitiated,AFFECTS_POSITIVE,AUTOMATIC
adj,void,AFFECTS_POSITIVE,AUTOMATIC
adj,volatile,AFFECTS_POSITIVE,GOLD_STANDARD
adj,waning,AFFECTS_POSITIVE,AUTOMATIC
adj,washed-up,AFFECTS_POSITIVE,GOLD_STANDARD
adj,wasted,AFFECTS_POSITIVE,AUTOMATIC
adj,wasteful,AFFECTS_POSITIVE,AUTOMATIC
adj,weak,AFFECTS_POSITIVE,AUTOMATIC
adj,weakened,AFFECTS_POSITIVE,AUTOMATIC
adj,weakening,AFFECTS_POSITIVE,AUTOMATIC
adj,wee,AFFECTS_BOTH,GOLD_STANDARD
adj,weensy,AFFECTS_BOTH,AUTOMATIC
adj,weeny,AFFECTS_BOTH,AUTOMATIC
adj,wilted,AFFECTS_POSITIVE,AUTOMATIC
adj,withered,AFFECTS_POSITIVE,AUTOMATIC
adj,withering,AFFECTS_POSITIVE,AUTOMATIC
adj,woebegone,AFFECTS_POSITIVE,AUTOMATIC
adj,worn,AFFECTS_POSITIVE,AUTOMATIC
adj,worn-out,AFFECTS_BOTH,GOLD_STANDARD
adj,worried,AFFECTS_POSITIVE,AUTOMATIC
adj,worse,AFFECTS_POSITIVE,AUTOMATIC
adj,worsened,AFFECTS_POSITIVE,AUTOMATIC
adj,worsening,AFFECTS_POSITIVE,AUTOMATIC
adj,wrecked,AFFECTS_POSITIVE,AUTOMATIC
adj,FALSE,AFFECTS_POSITIVE,AUTOMATIC
noun,abandonment,AFFECTS_BOTH,AUTOMATIC
noun,abasement,AFFECTS_BOTH,AUTOMATIC
noun,abatement,AFFECTS_BOTH,AUTOMATIC
noun,abator,AFFECTS_BOTH,AUTOMATIC
noun,abbreviation,AFFECTS_BOTH,GOLD_STANDARD
noun,abjuration,AFFECTS_POSITIVE,AUTOMATIC
noun,abjurer,AFFECTS_BOTH,AUTOMATIC
noun,ablation,AFFECTS_BOTH,AUTOMATIC
noun,abnegation,AFFECTS_BOTH,AUTOMATIC
noun,abnegator,AFFECTS_BOTH,AUTOMATIC
noun,abolishment,AFFECTS_BOTH,AUTOMATIC
noun,abolition,AFFECTS_BOTH,AUTOMATIC
noun,abortion,AFFECTS_BOTH,AUTOMATIC
noun,about-face,AFFECTS_BOTH,GOLD_STANDARD
noun,abrasion,AFFECTS_POSITIVE,AUTOMATIC
noun,abrogation,AFFECTS_BOTH,AUTOMATIC
noun,abrogator,AFFECTS_POSITIVE,AUTOMATIC
noun,absence,AFFECTS_BOTH,GOLD_STANDARD
noun,absentee,AFFECTS_POSITIVE,AUTOMATIC
noun,absolution,AFFECTS_NEGATIVE,GOLD_STANDARD
noun,absolver,AFFECTS_BOTH,AUTOMATIC
noun,abstainer,AFFECTS_BOTH,AUTOMATIC
noun,abstention,AFFECTS_BOTH,AUTOMATIC
noun,abstinence,AFFECTS_BOTH,AUTOMATIC
noun,abstinent,AFFECTS_BOTH,AUTOMATIC
noun,accommodation,AFFECTS_BOTH,AUTOMATIC
noun,adieu,AFFECTS_BOTH,AUTOMATIC
noun,adios,AFFECTS_BOTH,AUTOMATIC
noun,adulterant,AFFECTS_BOTH,AUTOMATIC
noun,adulteration,AFFECTS_BOTH,AUTOMATIC
noun,adulterator,AFFECTS_BOTH,AUTOMATIC
noun,affront,AFFECTS_BOTH,AUTOMATIC
noun,aggression,AFFECTS_POSITIVE,AUTOMATIC
noun,alienation,AFFECTS_POSITIVE,GOLD_STANDARD
noun,allayer,AFFECTS_POSITIVE,AUTOMATIC
noun,alleviant,AFFECTS_NEGATIVE,AUTOMATIC
noun,alleviation,AFFECTS_BOTH,AUTOMATIC
noun,alleviator,AFFECTS_POSITIVE,AUTOMATIC
noun,amelioration,AFFECTS_BOTH,AUTOMATIC
noun,amendment,AFFECTS_BOTH,AUTOMATIC
noun,amputation,AFFECTS_BOTH,AUTOMATIC
noun,amputator,AFFECTS_POSITIVE,AUTOMATIC
noun,annihilation,AFFECTS_BOTH,AUTOMATIC
noun,annihilator,AFFECTS_BOTH,AUTOMATIC
noun,annulment,AFFECTS_BOTH,AUTOMATIC
noun,antagonism,AFFECTS_BOTH,AUTOMATIC
noun,apprehension,AFFECTS_BOTH,AUTOMATIC
noun,arrest,AFFECTS_BOTH,GOLD_STANDARD
noun,arrivederci,AFFECTS_BOTH,AUTOMATIC
noun,asphyxia,AFFECTS_POSITIVE,AUTOMATIC
noun,asphyxiation,AFFECTS_BOTH,AUTOMATIC
noun,assassination,AFFECTS_BOTH,GOLD_STANDARD
noun,assault,AFFECTS_BOTH,AUTOMATIC
noun,assuagement,AFFECTS_BOTH,AUTOMATIC
noun,atomisation,AFFECTS_BOTH,AUTOMATIC
noun,atonement,AFFECTS_BOTH,AUTOMATIC
noun,atrophy,AFFECTS_POSITIVE,AUTOMATIC
noun,attack,AFFECTS_BOTH,AUTOMATIC
noun,attempt,AFFECTS_POSITIVE,AUTOMATIC
noun,attenuation,AFFECTS_BOTH,AUTOMATIC
noun,aversion,AFFECTS_BOTH,AUTOMATIC
noun,averting,AFFECTS_BOTH,AUTOMATIC
noun,avoidance,AFFECTS_BOTH,GOLD_STANDARD
noun,backdown,AFFECTS_BOTH,AUTOMATIC
noun,backfire,AFFECTS_POSITIVE,AUTOMATIC
noun,bafflement,AFFECTS_BOTH,AUTOMATIC
noun,balancing,AFFECTS_BOTH,AUTOMATIC
noun,balker,AFFECTS_BOTH,AUTOMATIC
noun,ballup,AFFECTS_BOTH,AUTOMATIC
noun,ban,AFFECTS_POSITIVE,AUTOMATIC
noun,bane,AFFECTS_POSITIVE,AUTOMATIC
noun,banishment,AFFECTS_NEGATIVE,AUTOMATIC
noun,banning,AFFECTS_BOTH,AUTOMATIC
noun,bar,AFFECTS_BOTH,AUTOMATIC
noun,barricade,AFFECTS_BOTH,AUTOMATIC
noun,barrier,AFFECTS_POSITIVE,AUTOMATIC
noun,bastion,AFFECTS_NEGATIVE,AUTOMATIC
noun,battle,AFFECTS_BOTH,AUTOMATIC
noun,battler,AFFECTS_POSITIVE,AUTOMATIC
noun,baulker,AFFECTS_BOTH,AUTOMATIC
noun,betterment,AFFECTS_BOTH,AUTOMATIC
noun,blackball,AFFECTS_BOTH,AUTOMATIC
noun,blackout,AFFECTS_BOTH,AUTOMATIC
noun,blight,AFFECTS_POSITIVE,GOLD_STANDARD
noun,block,AFFECTS_BOTH,AUTOMATIC
noun,blockade,AFFECTS_BOTH,AUTOMATIC
noun,blockage,AFFECTS_BOTH,AUTOMATIC
noun,blocker,AFFECTS_BOTH,AUTOMATIC
noun,blocking,AFFECTS_BOTH,GOLD_STANDARD
noun,blow,AFFECTS_BOTH,AUTOMATIC
noun,bolt,AFFECTS_BOTH,AUTOMATIC
noun,botcher,AFFECTS_POSITIVE,AUTOMATIC
noun,bottleneck,AFFECTS_BOTH,AUTOMATIC
noun,boycott,AFFECTS_BOTH,GOLD_STANDARD
noun,breach,AFFECTS_BOTH,AUTOMATIC
noun,break,AFFECTS_BOTH,AUTOMATIC
noun,breakage,AFFECTS_BOTH,AUTOMATIC
noun,breakaway,AFFECTS_BOTH,AUTOMATIC
noun,breakdown,AFFECTS_BOTH,AUTOMATIC
noun,breaker,AFFECTS_POSITIVE,AUTOMATIC
noun,breaking,AFFECTS_BOTH,AUTOMATIC
noun,breakup,AFFECTS_BOTH,GOLD_STANDARD
noun,bruiser,AFFECTS_BOTH,AUTOMATIC
noun,bulwark,AFFECTS_NEGATIVE,AUTOMATIC
noun,bumbler,AFFECTS_POSITIVE,AUTOMATIC
noun,bungle,AFFECTS_POSITIVE,AUTOMATIC
noun,bungler,AFFECTS_POSITIVE,AUTOMATIC
noun,burial,AFFECTS_BOTH,GOLD_STANDARD
noun,burning,AFFECTS_BOTH,AUTOMATIC
noun,burster,AFFECTS_BOTH,AUTOMATIC
noun,bust,AFFECTS_BOTH,AUTOMATIC
noun,bye,AFFECTS_BOTH,AUTOMATIC
noun,cancellation,AFFECTS_BOTH,AUTOMATIC
noun,capture,AFFECTS_BOTH,AUTOMATIC
noun,censorship,AFFECTS_BOTH,AUTOMATIC
noun,cessation,AFFECTS_BOTH,AUTOMATIC
noun,cheat,AFFECTS_POSITIVE,GOLD_STANDARD
noun,check,AFFECTS_BOTH,AUTOMATIC
noun,cheerio,AFFECTS_BOTH,AUTOMATIC
noun,choking,AFFECTS_BOTH,AUTOMATIC
noun,circumvention,AFFECTS_BOTH,AUTOMATIC
noun,clearance,AFFECTS_BOTH,GOLD_STANDARD
noun,close,AFFECTS_BOTH,AUTOMATIC
noun,closedown,AFFECTS_BOTH,AUTOMATIC
noun,closing,AFFECTS_BOTH,AUTOMATIC
noun,closure,AFFECTS_BOTH,AUTOMATIC
noun,clouding,AFFECTS_BOTH,AUTOMATIC
noun,collapse,AFFECTS_BOTH,AUTOMATIC
noun,combat,AFFECTS_BOTH,AUTOMATIC
noun,combatant,AFFECTS_POSITIVE,AUTOMATIC
noun,compensation,AFFECTS_BOTH,AUTOMATIC
noun,confutation,AFFECTS_BOTH,AUTOMATIC
noun,confuter,AFFECTS_BOTH,AUTOMATIC
noun,conqueror,AFFECTS_POSITIVE,AUTOMATIC
noun,conquest,AFFECTS_BOTH,AUTOMATIC
noun,constraint,AFFECTS_BOTH,AUTOMATIC
noun,constriction,AFFECTS_BOTH,AUTOMATIC
noun,constrictor,AFFECTS_POSITIVE,AUTOMATIC
noun,consumption,AFFECTS_BOTH,AUTOMATIC
noun,contamination,AFFECTS_BOTH,AUTOMATIC
noun,contempt,AFFECTS_POSITIVE,AUTOMATIC
noun,contortion,AFFECTS_BOTH,AUTOMATIC
noun,contraction,AFFECTS_BOTH,AUTOMATIC
noun,contradictory,AFFECTS_NEGATIVE,GOLD_STANDARD
noun,contrary,AFFECTS_BOTH,AUTOMATIC
noun,convalescence,AFFECTS_NEGATIVE,AUTOMATIC
noun,convalescent,AFFECTS_BOTH,AUTOMATIC
noun,corrasion,AFFECTS_POSITIVE,AUTOMATIC
noun,correction,AFFECTS_BOTH,AUTOMATIC
noun,corrosion,AFFECTS_POSITIVE,AUTOMATIC
noun,corruption,AFFECTS_BOTH,AUTOMATIC
noun,cost,AFFECTS_POSITIVE,GOLD_STANDARD
noun,costs,AFFECTS_POSITIVE,AUTOMATIC
noun,counteraction,AFFECTS_BOTH,AUTOMATIC
noun,counterbalance,AFFECTS_NEGATIVE,GOLD_STANDARD
noun,countermand,AFFECTS_BOTH,AUTOMATIC
noun,crack,AFFECTS_BOTH,AUTOMATIC
noun,crackdown,AFFECTS_BOTH,AUTOMATIC
noun,cracking,AFFECTS_BOTH,AUTOMATIC
noun,crash,AFFECTS_BOTH,AUTOMATIC
noun,cremation,AFFECTS_BOTH,AUTOMATIC
noun,crisis,AFFECTS_BOTH,AUTOMATIC
noun,crush,AFFECTS_BOTH,AUTOMATIC
noun,crusher,AFFECTS_NEGATIVE,AUTOMATIC
noun,crushing,AFFECTS_BOTH,AUTOMATIC
noun,cunctation,AFFECTS_BOTH,AUTOMATIC
noun,curb,AFFECTS_BOTH,AUTOMATIC
noun,cure,AFFECTS_NEGATIVE,AUTOMATIC
noun,curtailment,AFFECTS_BOTH,AUTOMATIC
noun,cut,AFFECTS_BOTH,AUTOMATIC
noun,cutback,AFFECTS_BOTH,AUTOMATIC
noun,cutout,AFFECTS_BOTH,AUTOMATIC
noun,cutting,AFFECTS_BOTH,AUTOMATIC
noun,dam,AFFECTS_BOTH,AUTOMATIC
noun,damage,AFFECTS_BOTH,AUTOMATIC
noun,damages,AFFECTS_BOTH,AUTOMATIC
noun,dampener,AFFECTS_NEGATIVE,AUTOMATIC
noun,dampening,AFFECTS_BOTH,AUTOMATIC
noun,deactivation,AFFECTS_BOTH,AUTOMATIC
noun,deadening,AFFECTS_BOTH,AUTOMATIC
noun,deadlock,AFFECTS_BOTH,AUTOMATIC
noun,death,AFFECTS_BOTH,AUTOMATIC
noun,debacle,AFFECTS_POSITIVE,GOLD_STANDARD
noun,debarment,AFFECTS_BOTH,AUTOMATIC
noun,debasement,AFFECTS_BOTH,AUTOMATIC
noun,debaser,AFFECTS_BOTH,AUTOMATIC
noun,debilitation,AFFECTS_POSITIVE,AUTOMATIC
noun,decay,AFFECTS_POSITIVE,AUTOMATIC
noun,decease,AFFECTS_BOTH,AUTOMATIC
noun,deceleration,AFFECTS_BOTH,AUTOMATIC
noun,decimation,AFFECTS_BOTH,AUTOMATIC
noun,declension,AFFECTS_BOTH,AUTOMATIC
noun,declination,AFFECTS_BOTH,GOLD_STANDARD
noun,decline,AFFECTS_BOTH,AUTOMATIC
noun,decomposition,AFFECTS_POSITIVE,AUTOMATIC
noun,decrease,AFFECTS_BOTH,AUTOMATIC
noun,defeat,AFFECTS_POSITIVE,AUTOMATIC
noun,defence,AFFECTS_NEGATIVE,GOLD_STANDARD
noun,deferment,AFFECTS_BOTH,GOLD_STANDARD
noun,deferral,AFFECTS_BOTH,AUTOMATIC
noun,deficit,AFFECTS_BOTH,AUTOMATIC
noun,defilement,AFFECTS_BOTH,AUTOMATIC
noun,defiler,AFFECTS_BOTH,AUTOMATIC
noun,deflation,AFFECTS_BOTH,GOLD_STANDARD
noun,deflator,AFFECTS_BOTH,AUTOMATIC
noun,deflection,AFFECTS_BOTH,GOLD_STANDARD
noun,deflexion,AFFECTS_BOTH,AUTOMATIC
noun,defloration,AFFECTS_BOTH,AUTOMATIC
noun,defusing,AFFECTS_BOTH,AUTOMATIC
noun,degeneration,AFFECTS_BOTH,AUTOMATIC
noun,degradation,AFFECTS_BOTH,GOLD_STANDARD
noun,delay,AFFECTS_BOTH,AUTOMATIC
noun,deletion,AFFECTS_BOTH,AUTOMATIC
noun,demerit,AFFECTS_POSITIVE,GOLD_STANDARD
noun,demise,AFFECTS_BOTH,AUTOMATIC
noun,demolishing,AFFECTS_BOTH,AUTOMATIC
noun,demolition,AFFECTS_BOTH,AUTOMATIC
noun,demoralisation,AFFECTS_POSITIVE,AUTOMATIC
noun,demoralization,AFFECTS_POSITIVE,AUTOMATIC
noun,denial,AFFECTS_BOTH,AUTOMATIC
noun,denier,AFFECTS_BOTH,AUTOMATIC
noun,denouncement,AFFECTS_NEGATIVE,AUTOMATIC
noun,denunciation,AFFECTS_NEGATIVE,GOLD_STANDARD
noun,departure,AFFECTS_BOTH,GOLD_STANDARD
noun,depletion,AFFECTS_BOTH,AUTOMATIC
noun,deposition,AFFECTS_BOTH,GOLD_STANDARD
noun,depravation,AFFECTS_POSITIVE,AUTOMATIC
noun,depravity,AFFECTS_BOTH,AUTOMATIC
noun,depression,AFFECTS_POSITIVE,AUTOMATIC
noun,deprivation,AFFECTS_BOTH,AUTOMATIC
noun,derailment,AFFECTS_BOTH,AUTOMATIC
noun,deserter,AFFECTS_POSITIVE,AUTOMATIC
noun,desertion,AFFECTS_BOTH,AUTOMATIC
noun,desolation,AFFECTS_POSITIVE,GOLD_STANDARD
noun,despatch,AFFECTS_BOTH,AUTOMATIC
noun,despoiler,AFFECTS_POSITIVE,AUTOMATIC
noun,despoilment,AFFECTS_BOTH,AUTOMATIC
noun,despoliation,AFFECTS_BOTH,AUTOMATIC
noun,destitution,AFFECTS_POSITIVE,AUTOMATIC
noun,destroyer,AFFECTS_BOTH,AUTOMATIC
noun,destruction,AFFECTS_BOTH,AUTOMATIC
noun,detergent,AFFECTS_POSITIVE,AUTOMATIC
noun,deterioration,AFFECTS_POSITIVE,AUTOMATIC
noun,determent,AFFECTS_NEGATIVE,AUTOMATIC
noun,deterrence,AFFECTS_BOTH,AUTOMATIC
noun,deterrent,AFFECTS_POSITIVE,AUTOMATIC
noun,detraction,AFFECTS_BOTH,AUTOMATIC
noun,detractor,AFFECTS_BOTH,AUTOMATIC
noun,devastation,AFFECTS_POSITIVE,AUTOMATIC
noun,deviation,AFFECTS_BOTH,GOLD_STANDARD
noun,devourer,AFFECTS_POSITIVE,AUTOMATIC
noun,dieback,AFFECTS_BOTH,AUTOMATIC
noun,dilapidation,AFFECTS_BOTH,AUTOMATIC
noun,dilution,AFFECTS_BOTH,AUTOMATIC
noun,diminution,AFFECTS_BOTH,GOLD_STANDARD
noun,dip,AFFECTS_BOTH,AUTOMATIC
noun,disablement,AFFECTS_BOTH,AUTOMATIC
noun,disappearance,AFFECTS_BOTH,AUTOMATIC
noun,disappearing,AFFECTS_BOTH,GOLD_STANDARD
noun,disappointment,AFFECTS_POSITIVE,AUTOMATIC
noun,disarmament,AFFECTS_BOTH,AUTOMATIC
noun,disarmer,AFFECTS_BOTH,AUTOMATIC
noun,disarming,AFFECTS_BOTH,AUTOMATIC
noun,disassociation,AFFECTS_NEGATIVE,GOLD_STANDARD
noun,disaster,AFFECTS_POSITIVE,AUTOMATIC
noun,discontinuance,AFFECTS_BOTH,AUTOMATIC
noun,discontinuation,AFFECTS_BOTH,AUTOMATIC
noun,discouragement,AFFECTS_BOTH,AUTOMATIC
noun,disengagement,AFFECTS_BOTH,AUTOMATIC
noun,disentanglement,AFFECTS_BOTH,AUTOMATIC
noun,disintegration,AFFECTS_BOTH,AUTOMATIC
noun,dislocation,AFFECTS_BOTH,AUTOMATIC
noun,dislodgement,AFFECTS_BOTH,AUTOMATIC
noun,dismantlement,AFFECTS_BOTH,AUTOMATIC
noun,dismantling,AFFECTS_BOTH,AUTOMATIC
noun,dismissal,AFFECTS_BOTH,AUTOMATIC
noun,dismission,AFFECTS_BOTH,AUTOMATIC
noun,disowning,AFFECTS_NEGATIVE,AUTOMATIC
noun,disownment,AFFECTS_NEGATIVE,AUTOMATIC
noun,dispatch,AFFECTS_BOTH,AUTOMATIC
noun,displacement,AFFECTS_BOTH,GOLD_STANDARD
noun,disposal,AFFECTS_NEGATIVE,GOLD_STANDARD
noun,disprover,AFFECTS_BOTH,AUTOMATIC
noun,disqualification,AFFECTS_BOTH,AUTOMATIC
noun,disregard,AFFECTS_BOTH,AUTOMATIC
noun,disrepair,AFFECTS_POSITIVE,GOLD_STANDARD
noun,disruption,AFFECTS_BOTH,AUTOMATIC
noun,dissembler,AFFECTS_POSITIVE,AUTOMATIC
noun,dissipation,AFFECTS_POSITIVE,AUTOMATIC
noun,dissociation,AFFECTS_NEGATIVE,GOLD_STANDARD
noun,dissolution,AFFECTS_BOTH,GOLD_STANDARD
noun,dissolver,AFFECTS_POSITIVE,AUTOMATIC
noun,dissolving,AFFECTS_BOTH,AUTOMATIC
noun,dissuasion,AFFECTS_POSITIVE,AUTOMATIC
noun,distortion,AFFECTS_BOTH,AUTOMATIC
noun,disturbance,AFFECTS_POSITIVE,AUTOMATIC
noun,disuse,AFFECTS_POSITIVE,GOLD_STANDARD
noun,divergence,AFFECTS_BOTH,AUTOMATIC
noun,diversion,AFFECTS_BOTH,AUTOMATIC
noun,divestiture,AFFECTS_BOTH,AUTOMATIC
noun,dodge,AFFECTS_BOTH,AUTOMATIC
noun,dodging,AFFECTS_NEGATIVE,GOLD_STANDARD
noun,dousing,AFFECTS_BOTH,AUTOMATIC
noun,downfall,AFFECTS_POSITIVE,AUTOMATIC
noun,downsizing,AFFECTS_BOTH,AUTOMATIC
noun,drain,AFFECTS_POSITIVE,GOLD_STANDARD
noun,drainage,AFFECTS_POSITIVE,AUTOMATIC
noun,drop,AFFECTS_BOTH,AUTOMATIC
noun,dropout,AFFECTS_POSITIVE,GOLD_STANDARD
noun,drubbing,AFFECTS_BOTH,AUTOMATIC
noun,dumping,AFFECTS_BOTH,AUTOMATIC
noun,dwindling,AFFECTS_BOTH,AUTOMATIC
noun,dying,AFFECTS_BOTH,AUTOMATIC
noun,ease,AFFECTS_NEGATIVE,AUTOMATIC
noun,easement,AFFECTS_BOTH,AUTOMATIC
noun,easing,AFFECTS_BOTH,AUTOMATIC
noun,eating,AFFECTS_BOTH,AUTOMATIC
noun,ebb,AFFECTS_BOTH,AUTOMATIC
noun,ebbing,AFFECTS_BOTH,AUTOMATIC
noun,effacement,AFFECTS_POSITIVE,AUTOMATIC
noun,ejection,AFFECTS_BOTH,AUTOMATIC
noun,elimination,AFFECTS_BOTH,AUTOMATIC
noun,eliminator,AFFECTS_POSITIVE,AUTOMATIC
noun,eluding,AFFECTS_BOTH,AUTOMATIC
noun,elusion,AFFECTS_BOTH,AUTOMATIC
noun,embargo,AFFECTS_BOTH,GOLD_STANDARD
noun,emptying,AFFECTS_BOTH,AUTOMATIC
noun,encroacher,AFFECTS_POSITIVE,AUTOMATIC
noun,encroachment,AFFECTS_POSITIVE,AUTOMATIC
noun,end,AFFECTS_BOTH,AUTOMATIC
noun,ending,AFFECTS_BOTH,AUTOMATIC
noun,enervation,AFFECTS_POSITIVE,AUTOMATIC
noun,enfeeblement,AFFECTS_POSITIVE,AUTOMATIC
noun,eradication,AFFECTS_BOTH,AUTOMATIC
noun,eradicator,AFFECTS_BOTH,AUTOMATIC
noun,erasure,AFFECTS_BOTH,AUTOMATIC
noun,eroding,AFFECTS_BOTH,AUTOMATIC
noun,erosion,AFFECTS_POSITIVE,AUTOMATIC
noun,error,AFFECTS_POSITIVE,AUTOMATIC
noun,escape,AFFECTS_BOTH,AUTOMATIC
noun,escapee,AFFECTS_BOTH,AUTOMATIC
noun,evacuation,AFFECTS_BOTH,AUTOMATIC
noun,evaporation,AFFECTS_BOTH,AUTOMATIC
noun,evasion,AFFECTS_BOTH,GOLD_STANDARD
noun,exchange,AFFECTS_BOTH,AUTOMATIC
noun,excision,AFFECTS_BOTH,AUTOMATIC
noun,exclusion,AFFECTS_BOTH,AUTOMATIC
noun,excreting,AFFECTS_BOTH,AUTOMATIC
noun,excretion,AFFECTS_BOTH,AUTOMATIC
noun,execution,AFFECTS_BOTH,AUTOMATIC
noun,exemption,AFFECTS_BOTH,AUTOMATIC
noun,exhaustion,AFFECTS_BOTH,AUTOMATIC
noun,exit,AFFECTS_BOTH,AUTOMATIC
noun,exoneration,AFFECTS_BOTH,AUTOMATIC
noun,exorciser,AFFECTS_BOTH,AUTOMATIC
noun,exorcism,AFFECTS_NEGATIVE,AUTOMATIC
noun,expelling,AFFECTS_BOTH,AUTOMATIC
noun,expiration,AFFECTS_BOTH,AUTOMATIC
noun,expiry,AFFECTS_BOTH,AUTOMATIC
noun,explosion,AFFECTS_BOTH,AUTOMATIC
noun,expulsion,AFFECTS_BOTH,AUTOMATIC
noun,expunction,AFFECTS_BOTH,AUTOMATIC
noun,expunging,AFFECTS_BOTH,AUTOMATIC
noun,extermination,AFFECTS_BOTH,AUTOMATIC
noun,exterminator,AFFECTS_BOTH,AUTOMATIC
noun,extinction,AFFECTS_BOTH,AUTOMATIC
noun,extinguisher,AFFECTS_BOTH,AUTOMATIC
noun,extinguishing,AFFECTS_BOTH,AUTOMATIC
noun,extirpation,AFFECTS_BOTH,AUTOMATIC
noun,extraction,AFFECTS_BOTH,AUTOMATIC
noun,extractor,AFFECTS_POSITIVE,AUTOMATIC
noun,extrication,AFFECTS_BOTH,AUTOMATIC
noun,fabrication,AFFECTS_BOTH,AUTOMATIC
noun,fade,AFFECTS_BOTH,AUTOMATIC
noun,fadeout,AFFECTS_POSITIVE,AUTOMATIC
noun,fading,AFFECTS_BOTH,GOLD_STANDARD
noun,failing,AFFECTS_BOTH,AUTOMATIC
noun,failure,AFFECTS_BOTH,AUTOMATIC
noun,fairytale,AFFECTS_POSITIVE,GOLD_STANDARD
noun,fall,AFFECTS_BOTH,AUTOMATIC
noun,fallback,AFFECTS_BOTH,AUTOMATIC
noun,falloff,AFFECTS_BOTH,AUTOMATIC
noun,falter,AFFECTS_BOTH,AUTOMATIC
noun,faltering,AFFECTS_BOTH,AUTOMATIC
noun,farewell,AFFECTS_BOTH,AUTOMATIC
noun,fatigue,AFFECTS_POSITIVE,GOLD_STANDARD
noun,fault,AFFECTS_POSITIVE,AUTOMATIC
noun,feebleness,AFFECTS_BOTH,AUTOMATIC
noun,fiction,AFFECTS_POSITIVE,GOLD_STANDARD
noun,filibuster,AFFECTS_BOTH,AUTOMATIC
noun,finish,AFFECTS_BOTH,AUTOMATIC
noun,finishing,AFFECTS_BOTH,AUTOMATIC
noun,firing,AFFECTS_POSITIVE,GOLD_STANDARD
noun,fleer,AFFECTS_BOTH,AUTOMATIC
noun,flight,AFFECTS_BOTH,AUTOMATIC
noun,flop,AFFECTS_BOTH,AUTOMATIC
noun,flub,AFFECTS_BOTH,AUTOMATIC
noun,foiling,AFFECTS_BOTH,AUTOMATIC
noun,forbiddance,AFFECTS_BOTH,AUTOMATIC
noun,forbidding,AFFECTS_POSITIVE,AUTOMATIC
noun,foreclosure,AFFECTS_BOTH,AUTOMATIC
noun,forestalling,AFFECTS_BOTH,AUTOMATIC
noun,forfeit,AFFECTS_BOTH,AUTOMATIC
noun,forfeiture,AFFECTS_BOTH,AUTOMATIC
noun,forgery,AFFECTS_POSITIVE,GOLD_STANDARD
noun,forgoing,AFFECTS_BOTH,AUTOMATIC
noun,forsaking,AFFECTS_BOTH,AUTOMATIC
noun,forswearing,AFFECTS_BOTH,AUTOMATIC
noun,foundering,AFFECTS_BOTH,AUTOMATIC
noun,fracture,AFFECTS_BOTH,AUTOMATIC
noun,fragmentation,AFFECTS_POSITIVE,AUTOMATIC
noun,frailness,AFFECTS_BOTH,AUTOMATIC
noun,frailty,AFFECTS_BOTH,AUTOMATIC
noun,freedom,AFFECTS_BOTH,AUTOMATIC
noun,freeing,AFFECTS_BOTH,AUTOMATIC
noun,freeze,AFFECTS_BOTH,AUTOMATIC
noun,freezing,AFFECTS_BOTH,AUTOMATIC
noun,frustration,AFFECTS_BOTH,AUTOMATIC
noun,fuckup,AFFECTS_POSITIVE,AUTOMATIC
noun,fumble,AFFECTS_BOTH,AUTOMATIC
noun,fumbler,AFFECTS_POSITIVE,AUTOMATIC
noun,genocide,AFFECTS_BOTH,AUTOMATIC
noun,goodby,AFFECTS_BOTH,AUTOMATIC
noun,goodbye,AFFECTS_BOTH,GOLD_STANDARD
noun,gridlock,AFFECTS_POSITIVE,GOLD_STANDARD
noun,halt,AFFECTS_BOTH,AUTOMATIC
noun,harm,AFFECTS_BOTH,AUTOMATIC
noun,haven,AFFECTS_BOTH,AUTOMATIC
noun,havoc,AFFECTS_POSITIVE,AUTOMATIC
noun,healer,AFFECTS_POSITIVE,AUTOMATIC
noun,healing,AFFECTS_BOTH,AUTOMATIC
noun,hedge,AFFECTS_POSITIVE,AUTOMATIC
noun,hedging,AFFECTS_BOTH,AUTOMATIC
noun,hesitation,AFFECTS_BOTH,GOLD_STANDARD
noun,hindrance,AFFECTS_BOTH,AUTOMATIC
noun,hold,AFFECTS_BOTH,AUTOMATIC
noun,holdup,AFFECTS_BOTH,AUTOMATIC
noun,homicide,AFFECTS_BOTH,AUTOMATIC
noun,hurt,AFFECTS_BOTH,AUTOMATIC
noun,hurting,AFFECTS_BOTH,AUTOMATIC
noun,imbalance,AFFECTS_POSITIVE,AUTOMATIC
noun,immobilisation,AFFECTS_BOTH,AUTOMATIC
noun,immobilization,AFFECTS_BOTH,AUTOMATIC
noun,immobilizing,AFFECTS_BOTH,AUTOMATIC
noun,immunity,AFFECTS_BOTH,AUTOMATIC
noun,impairer,AFFECTS_BOTH,AUTOMATIC
noun,impairment,AFFECTS_BOTH,AUTOMATIC
noun,impediment,AFFECTS_POSITIVE,AUTOMATIC
noun,impingement,AFFECTS_BOTH,AUTOMATIC
noun,impinging,AFFECTS_BOTH,AUTOMATIC
noun,impossibility,AFFECTS_POSITIVE,AUTOMATIC
noun,impossibleness,AFFECTS_POSITIVE,AUTOMATIC
noun,impoverishment,AFFECTS_BOTH,AUTOMATIC
noun,imprisonment,AFFECTS_BOTH,AUTOMATIC
noun,inaccessibility,AFFECTS_POSITIVE,AUTOMATIC
noun,inactivation,AFFECTS_BOTH,AUTOMATIC
noun,incineration,AFFECTS_BOTH,AUTOMATIC
noun,inconsistency,AFFECTS_POSITIVE,AUTOMATIC
noun,indemnity,AFFECTS_BOTH,AUTOMATIC
noun,infirmity,AFFECTS_BOTH,GOLD_STANDARD
noun,infraction,AFFECTS_POSITIVE,GOLD_STANDARD
noun,infringement,AFFECTS_BOTH,AUTOMATIC
noun,inhibition,AFFECTS_BOTH,AUTOMATIC
noun,inhibitor,AFFECTS_POSITIVE,AUTOMATIC
noun,injury,AFFECTS_BOTH,AUTOMATIC
noun,interdict,AFFECTS_BOTH,AUTOMATIC
noun,interdiction,AFFECTS_BOTH,AUTOMATIC
noun,interference,AFFECTS_BOTH,AUTOMATIC
noun,intermission,AFFECTS_BOTH,AUTOMATIC
noun,interruption,AFFECTS_BOTH,AUTOMATIC
noun,invalidation,AFFECTS_BOTH,AUTOMATIC
noun,inversion,AFFECTS_BOTH,AUTOMATIC
noun,irreality,AFFECTS_POSITIVE,AUTOMATIC
noun,isolation,AFFECTS_BOTH,AUTOMATIC
noun,jeopardy,AFFECTS_POSITIVE,AUTOMATIC
noun,junk,AFFECTS_BOTH,AUTOMATIC
noun,kick,AFFECTS_BOTH,AUTOMATIC
noun,kicking,AFFECTS_BOTH,AUTOMATIC
noun,kill,AFFECTS_BOTH,AUTOMATIC
noun,killer,AFFECTS_BOTH,GOLD_STANDARD
noun,killing,AFFECTS_BOTH,AUTOMATIC
noun,knockdown,AFFECTS_BOTH,AUTOMATIC
noun,knockout,AFFECTS_BOTH,AUTOMATIC
noun,lack,AFFECTS_POSITIVE,AUTOMATIC
noun,lag,AFFECTS_BOTH,AUTOMATIC
noun,lapse,AFFECTS_BOTH,AUTOMATIC
noun,layoff,AFFECTS_BOTH,AUTOMATIC
noun,leak,AFFECTS_BOTH,AUTOMATIC
noun,leaver,AFFECTS_BOTH,GOLD_STANDARD
noun,leaving,AFFECTS_BOTH,AUTOMATIC
noun,letdown,AFFECTS_POSITIVE,GOLD_STANDARD
noun,letup,AFFECTS_BOTH,AUTOMATIC
noun,leveler,AFFECTS_BOTH,AUTOMATIC
noun,leveling,AFFECTS_BOTH,AUTOMATIC
noun,leveller,AFFECTS_BOTH,AUTOMATIC
noun,liberation,AFFECTS_BOTH,AUTOMATIC
noun,lift,AFFECTS_BOTH,AUTOMATIC
noun,lifter,AFFECTS_POSITIVE,AUTOMATIC
noun,liquidation,AFFECTS_BOTH,AUTOMATIC
noun,liquidator,AFFECTS_BOTH,AUTOMATIC
noun,loosening,AFFECTS_BOTH,AUTOMATIC
noun,loser,AFFECTS_BOTH,AUTOMATIC
noun,loss,AFFECTS_BOTH,AUTOMATIC
noun,lotion,AFFECTS_POSITIVE,AUTOMATIC
noun,lowering,AFFECTS_BOTH,AUTOMATIC
noun,lull,AFFECTS_BOTH,AUTOMATIC
noun,maimer,AFFECTS_POSITIVE,AUTOMATIC
noun,malady,AFFECTS_POSITIVE,GOLD_STANDARD
noun,malfunction,AFFECTS_BOTH,AUTOMATIC
noun,mangler,AFFECTS_BOTH,AUTOMATIC
noun,mar,AFFECTS_POSITIVE,AUTOMATIC
noun,melioration,AFFECTS_BOTH,AUTOMATIC
noun,meltdown,AFFECTS_POSITIVE,GOLD_STANDARD
noun,melting,AFFECTS_BOTH,AUTOMATIC
noun,mender,AFFECTS_BOTH,AUTOMATIC
noun,mending,AFFECTS_BOTH,AUTOMATIC
noun,minimization,AFFECTS_BOTH,AUTOMATIC
noun,miscarriage,AFFECTS_BOTH,AUTOMATIC
noun,mitigation,AFFECTS_BOTH,AUTOMATIC
noun,moderation,AFFECTS_BOTH,AUTOMATIC
noun,moratorium,AFFECTS_BOTH,AUTOMATIC
noun,mortality,AFFECTS_POSITIVE,AUTOMATIC
noun,murder,AFFECTS_BOTH,GOLD_STANDARD
noun,mutilation,AFFECTS_BOTH,AUTOMATIC
noun,mutilator,AFFECTS_BOTH,AUTOMATIC
noun,narrowing,AFFECTS_BOTH,AUTOMATIC
noun,negation,AFFECTS_BOTH,GOLD_STANDARD
noun,neglect,AFFECTS_BOTH,GOLD_STANDARD
noun,neglecter,AFFECTS_POSITIVE,AUTOMATIC
noun,negligence,AFFECTS_BOTH,AUTOMATIC
noun,nemesis,AFFECTS_POSITIVE,AUTOMATIC
noun,neutralisation,AFFECTS_BOTH,AUTOMATIC
noun,neutralization,AFFECTS_BOTH,AUTOMATIC
noun,nonentity,AFFECTS_BOTH,GOLD_STANDARD
noun,nonexistence,AFFECTS_BOTH,AUTOMATIC
noun,nothingness,AFFECTS_POSITIVE,GOLD_STANDARD
noun,nullification,AFFECTS_BOTH,AUTOMATIC
noun,objection,AFFECTS_BOTH,AUTOMATIC
noun,objector,AFFECTS_BOTH,AUTOMATIC
noun,obliteration,AFFECTS_BOTH,GOLD_STANDARD
noun,obliterator,AFFECTS_POSITIVE,AUTOMATIC
noun,obstacle,AFFECTS_POSITIVE,AUTOMATIC
noun,obstructer,AFFECTS_POSITIVE,AUTOMATIC
noun,obstruction,AFFECTS_BOTH,AUTOMATIC
noun,obstructor,AFFECTS_POSITIVE,AUTOMATIC
noun,obviation,AFFECTS_BOTH,AUTOMATIC
noun,occlusion,AFFECTS_BOTH,AUTOMATIC
noun,offence,AFFECTS_POSITIVE,AUTOMATIC
noun,offense,AFFECTS_POSITIVE,GOLD_STANDARD
noun,omission,AFFECTS_BOTH,AUTOMATIC
noun,opponent,AFFECTS_BOTH,AUTOMATIC
noun,opposer,AFFECTS_BOTH,AUTOMATIC
noun,opposition,AFFECTS_BOTH,AUTOMATIC
noun,oppression,AFFECTS_BOTH,AUTOMATIC
noun,ostracism,AFFECTS_NEGATIVE,GOLD_STANDARD
noun,ouster,AFFECTS_BOTH,AUTOMATIC
noun,ousting,AFFECTS_BOTH,AUTOMATIC
noun,outage,AFFECTS_POSITIVE,GOLD_STANDARD
noun,overcomer,AFFECTS_POSITIVE,AUTOMATIC
noun,overthrow,AFFECTS_BOTH,AUTOMATIC
noun,overturn,AFFECTS_BOTH,AUTOMATIC
noun,palliation,AFFECTS_BOTH,AUTOMATIC
noun,parry,AFFECTS_BOTH,AUTOMATIC
noun,pass,AFFECTS_POSITIVE,AUTOMATIC
noun,passing,AFFECTS_BOTH,AUTOMATIC
noun,pauperization,AFFECTS_BOTH,AUTOMATIC
noun,pause,AFFECTS_BOTH,AUTOMATIC
noun,perturbation,AFFECTS_POSITIVE,AUTOMATIC
noun,perversion,AFFECTS_BOTH,AUTOMATIC
noun,phantom,AFFECTS_BOTH,GOLD_STANDARD
noun,phoney,AFFECTS_POSITIVE,GOLD_STANDARD
noun,plunge,AFFECTS_BOTH,AUTOMATIC
noun,pollution,AFFECTS_BOTH,AUTOMATIC
noun,poorness,AFFECTS_POSITIVE,AUTOMATIC
noun,postponement,AFFECTS_BOTH,AUTOMATIC
noun,postponer,AFFECTS_POSITIVE,AUTOMATIC
noun,poverty,AFFECTS_POSITIVE,AUTOMATIC
noun,preclusion,AFFECTS_BOTH,AUTOMATIC
noun,preemption,AFFECTS_BOTH,AUTOMATIC
noun,preemptor,AFFECTS_BOTH,AUTOMATIC
noun,prevention,AFFECTS_BOTH,AUTOMATIC
noun,price,AFFECTS_POSITIVE,AUTOMATIC
noun,privation,AFFECTS_BOTH,GOLD_STANDARD
noun,problem,AFFECTS_POSITIVE,AUTOMATIC
noun,procrastination,AFFECTS_BOTH,AUTOMATIC
noun,procrastinator,AFFECTS_POSITIVE,AUTOMATIC
noun,profanation,AFFECTS_BOTH,AUTOMATIC
noun,prohibition,AFFECTS_BOTH,AUTOMATIC
noun,prorogation,AFFECTS_BOTH,AUTOMATIC
noun,proscription,AFFECTS_BOTH,AUTOMATIC
noun,protection,AFFECTS_POSITIVE,AUTOMATIC
noun,protector,AFFECTS_BOTH,AUTOMATIC
noun,provocation,AFFECTS_POSITIVE,AUTOMATIC
noun,pruning,AFFECTS_BOTH,AUTOMATIC
noun,pullback,AFFECTS_BOTH,AUTOMATIC
noun,puller,AFFECTS_BOTH,AUTOMATIC
noun,pulling,AFFECTS_BOTH,AUTOMATIC
noun,pullout,AFFECTS_BOTH,AUTOMATIC
noun,pulverisation,AFFECTS_BOTH,AUTOMATIC
noun,pulverization,AFFECTS_BOTH,AUTOMATIC
noun,purgation,AFFECTS_BOTH,AUTOMATIC
noun,purge,AFFECTS_BOTH,AUTOMATIC
noun,purging,AFFECTS_BOTH,AUTOMATIC
noun,putrefaction,AFFECTS_POSITIVE,AUTOMATIC
noun,quelling,AFFECTS_BOTH,AUTOMATIC
noun,quenching,AFFECTS_BOTH,AUTOMATIC
noun,quitter,AFFECTS_BOTH,AUTOMATIC
noun,ravaging,AFFECTS_BOTH,AUTOMATIC
noun,razing,AFFECTS_BOTH,AUTOMATIC
noun,reagent,AFFECTS_BOTH,GOLD_STANDARD
noun,rebuttal,AFFECTS_BOTH,AUTOMATIC
noun,rebutter,AFFECTS_BOTH,AUTOMATIC
noun,recall,AFFECTS_BOTH,AUTOMATIC
noun,recantation,AFFECTS_POSITIVE,AUTOMATIC
noun,receding,AFFECTS_BOTH,AUTOMATIC
noun,recess,AFFECTS_BOTH,AUTOMATIC
noun,recession,AFFECTS_BOTH,AUTOMATIC
noun,recission,AFFECTS_BOTH,AUTOMATIC
noun,recourse,AFFECTS_BOTH,AUTOMATIC
noun,recoverer,AFFECTS_BOTH,AUTOMATIC
noun,recovery,AFFECTS_BOTH,AUTOMATIC
noun,rectification,AFFECTS_BOTH,AUTOMATIC
noun,rectifier,AFFECTS_POSITIVE,AUTOMATIC
noun,recuperation,AFFECTS_NEGATIVE,GOLD_STANDARD
noun,redress,AFFECTS_NEGATIVE,AUTOMATIC
noun,reducer,AFFECTS_BOTH,AUTOMATIC
noun,reducing,AFFECTS_POSITIVE,AUTOMATIC
noun,reductant,AFFECTS_BOTH,AUTOMATIC
noun,reduction,AFFECTS_BOTH,AUTOMATIC
noun,refuge,AFFECTS_BOTH,AUTOMATIC
noun,refusal,AFFECTS_BOTH,AUTOMATIC
noun,refutation,AFFECTS_BOTH,AUTOMATIC
noun,refuter,AFFECTS_BOTH,AUTOMATIC
noun,regression,AFFECTS_BOTH,AUTOMATIC
noun,reimbursement,AFFECTS_NEGATIVE,AUTOMATIC
noun,rejection,AFFECTS_BOTH,AUTOMATIC
noun,relaxation,AFFECTS_POSITIVE,AUTOMATIC
noun,release,AFFECTS_BOTH,AUTOMATIC
noun,relief,AFFECTS_BOTH,AUTOMATIC
noun,reliever,AFFECTS_POSITIVE,AUTOMATIC
noun,relinquishing,AFFECTS_BOTH,AUTOMATIC
noun,relinquishment,AFFECTS_BOTH,AUTOMATIC
noun,remediation,AFFECTS_BOTH,AUTOMATIC
noun,remedy,AFFECTS_NEGATIVE,GOLD_STANDARD
noun,remission,AFFECTS_BOTH,AUTOMATIC
noun,remittal,AFFECTS_BOTH,AUTOMATIC
noun,remotion,AFFECTS_BOTH,AUTOMATIC
noun,removal,AFFECTS_BOTH,AUTOMATIC
noun,remover,AFFECTS_BOTH,AUTOMATIC
noun,renewal,AFFECTS_BOTH,AUTOMATIC
noun,renouncement,AFFECTS_BOTH,AUTOMATIC
noun,renunciation,AFFECTS_BOTH,GOLD_STANDARD
noun,repair,AFFECTS_BOTH,AUTOMATIC
noun,repairer,AFFECTS_BOTH,AUTOMATIC
noun,reparation,AFFECTS_BOTH,AUTOMATIC
noun,repeal,AFFECTS_BOTH,AUTOMATIC
noun,repellant,AFFECTS_BOTH,AUTOMATIC
noun,repellent,AFFECTS_BOTH,AUTOMATIC
noun,replacement,AFFECTS_BOTH,AUTOMATIC
noun,replacing,AFFECTS_BOTH,AUTOMATIC
noun,repression,AFFECTS_BOTH,AUTOMATIC
noun,reprieve,AFFECTS_BOTH,AUTOMATIC
noun,repudiation,AFFECTS_BOTH,AUTOMATIC
noun,repulse,AFFECTS_POSITIVE,AUTOMATIC
noun,repulsion,AFFECTS_BOTH,AUTOMATIC
noun,rescission,AFFECTS_BOTH,AUTOMATIC
noun,resilience,AFFECTS_POSITIVE,AUTOMATIC
noun,resiliency,AFFECTS_POSITIVE,AUTOMATIC
noun,resistance,AFFECTS_BOTH,AUTOMATIC
noun,resister,AFFECTS_BOTH,AUTOMATIC
noun,resolution,AFFECTS_BOTH,AUTOMATIC
noun,resolving,AFFECTS_BOTH,AUTOMATIC
noun,respite,AFFECTS_BOTH,AUTOMATIC
noun,restitution,AFFECTS_BOTH,AUTOMATIC
noun,restrainer,AFFECTS_POSITIVE,AUTOMATIC
noun,restraint,AFFECTS_BOTH,AUTOMATIC
noun,restriction,AFFECTS_BOTH,AUTOMATIC
noun,retardant,AFFECTS_POSITIVE,AUTOMATIC
noun,retardation,AFFECTS_BOTH,AUTOMATIC
noun,retirement,AFFECTS_BOTH,AUTOMATIC
noun,retraction,AFFECTS_BOTH,AUTOMATIC
noun,retractor,AFFECTS_BOTH,AUTOMATIC
noun,retreat,AFFECTS_BOTH,AUTOMATIC
noun,retrenchment,AFFECTS_BOTH,AUTOMATIC
noun,retrogression,AFFECTS_BOTH,AUTOMATIC
noun,reversal,AFFECTS_BOTH,AUTOMATIC
noun,reverse,AFFECTS_BOTH,AUTOMATIC
noun,riddance,AFFECTS_BOTH,AUTOMATIC
noun,rift,AFFECTS_BOTH,AUTOMATIC
noun,risk,AFFECTS_BOTH,AUTOMATIC
noun,roadblock,AFFECTS_POSITIVE,AUTOMATIC
noun,rot,AFFECTS_POSITIVE,GOLD_STANDARD
noun,rotting,AFFECTS_POSITIVE,AUTOMATIC
noun,rout,AFFECTS_POSITIVE,AUTOMATIC
noun,ruin,AFFECTS_BOTH,AUTOMATIC
noun,ruination,AFFECTS_POSITIVE,AUTOMATIC
noun,ruiner,AFFECTS_BOTH,AUTOMATIC
noun,ruining,AFFECTS_BOTH,AUTOMATIC
noun,runaway,AFFECTS_BOTH,AUTOMATIC
noun,rupture,AFFECTS_BOTH,AUTOMATIC
noun,sabotage,AFFECTS_BOTH,AUTOMATIC
noun,sacrifice,AFFECTS_BOTH,AUTOMATIC
noun,sacrificer,AFFECTS_BOTH,AUTOMATIC
noun,sag,AFFECTS_BOTH,GOLD_STANDARD
noun,salvation,AFFECTS_BOTH,AUTOMATIC
noun,salve,AFFECTS_NEGATIVE,GOLD_STANDARD
noun,sapper,AFFECTS_BOTH,AUTOMATIC
noun,satiation,AFFECTS_BOTH,AUTOMATIC
noun,sayonara,AFFECTS_BOTH,AUTOMATIC
noun,scorch,AFFECTS_POSITIVE,AUTOMATIC
noun,scorn,AFFECTS_POSITIVE,AUTOMATIC
noun,scorner,AFFECTS_BOTH,AUTOMATIC
noun,scourge,AFFECTS_BOTH,AUTOMATIC
noun,scourger,AFFECTS_POSITIVE,AUTOMATIC
noun,screwup,AFFECTS_BOTH,AUTOMATIC
noun,scrubber,AFFECTS_BOTH,AUTOMATIC
noun,scrubbing,AFFECTS_BOTH,AUTOMATIC
noun,secession,AFFECTS_BOTH,AUTOMATIC
noun,self-destruction,AFFECTS_BOTH,GOLD_STANDARD
noun,separation,AFFECTS_BOTH,AUTOMATIC
noun,separator,AFFECTS_NEGATIVE,AUTOMATIC
noun,setback,AFFECTS_POSITIVE,AUTOMATIC
noun,settlement,AFFECTS_BOTH,AUTOMATIC
noun,settler,AFFECTS_BOTH,AUTOMATIC
noun,settling,AFFECTS_BOTH,AUTOMATIC
noun,severance,AFFECTS_BOTH,GOLD_STANDARD
noun,shackle,AFFECTS_BOTH,AUTOMATIC
noun,shakeout,AFFECTS_POSITIVE,AUTOMATIC
noun,shambles,AFFECTS_BOTH,AUTOMATIC
noun,shattering,AFFECTS_BOTH,AUTOMATIC
noun,shillyshally,AFFECTS_BOTH,AUTOMATIC
noun,shipwreck,AFFECTS_POSITIVE,GOLD_STANDARD
noun,shirker,AFFECTS_POSITIVE,AUTOMATIC
noun,shirking,AFFECTS_BOTH,AUTOMATIC
noun,shooting,AFFECTS_BOTH,AUTOMATIC
noun,shortener,AFFECTS_POSITIVE,AUTOMATIC
noun,shortening,AFFECTS_BOTH,AUTOMATIC
noun,shortfall,AFFECTS_BOTH,AUTOMATIC
noun,shrinkage,AFFECTS_BOTH,AUTOMATIC
noun,shrinking,AFFECTS_BOTH,AUTOMATIC
noun,shunning,AFFECTS_NEGATIVE,AUTOMATIC
noun,shutdown,AFFECTS_BOTH,AUTOMATIC
noun,shutting,AFFECTS_BOTH,AUTOMATIC
noun,simulation,AFFECTS_BOTH,GOLD_STANDARD
noun,sinking,AFFECTS_POSITIVE,AUTOMATIC
noun,skip,AFFECTS_BOTH,AUTOMATIC
noun,slackening,AFFECTS_POSITIVE,AUTOMATIC
noun,slacker,AFFECTS_POSITIVE,GOLD_STANDARD
noun,slash,AFFECTS_BOTH,AUTOMATIC
noun,slaughter,AFFECTS_BOTH,AUTOMATIC
noun,slaying,AFFECTS_BOTH,AUTOMATIC
noun,slip,AFFECTS_BOTH,GOLD_STANDARD
noun,slowdown,AFFECTS_BOTH,AUTOMATIC
noun,slowing,AFFECTS_BOTH,AUTOMATIC
noun,slump,AFFECTS_POSITIVE,AUTOMATIC
noun,smash,AFFECTS_BOTH,AUTOMATIC
noun,smasher,AFFECTS_BOTH,AUTOMATIC
noun,smashing,AFFECTS_BOTH,AUTOMATIC
noun,smooth,AFFECTS_BOTH,AUTOMATIC
noun,smotherer,AFFECTS_POSITIVE,AUTOMATIC
noun,softener,AFFECTS_BOTH,AUTOMATIC
noun,softening,AFFECTS_BOTH,AUTOMATIC
noun,solace,AFFECTS_BOTH,AUTOMATIC
noun,solacement,AFFECTS_POSITIVE,AUTOMATIC
noun,solution,AFFECTS_BOTH,AUTOMATIC
noun,solvent,AFFECTS_POSITIVE,AUTOMATIC
noun,solver,AFFECTS_NEGATIVE,GOLD_STANDARD
noun,solving,AFFECTS_BOTH,AUTOMATIC
noun,sparer,AFFECTS_BOTH,AUTOMATIC
noun,splintering,AFFECTS_BOTH,AUTOMATIC
noun,split,AFFECTS_BOTH,AUTOMATIC
noun,spoilage,AFFECTS_BOTH,AUTOMATIC
noun,spoilation,AFFECTS_BOTH,AUTOMATIC
noun,spoiler,AFFECTS_POSITIVE,AUTOMATIC
noun,spoiling,AFFECTS_BOTH,AUTOMATIC
noun,spoliation,AFFECTS_BOTH,AUTOMATIC
noun,spurner,AFFECTS_BOTH,AUTOMATIC
noun,squelch,AFFECTS_BOTH,AUTOMATIC
noun,squelcher,AFFECTS_BOTH,AUTOMATIC
noun,stagnancy,AFFECTS_POSITIVE,AUTOMATIC
noun,stagnation,AFFECTS_POSITIVE,AUTOMATIC
noun,standdown,AFFECTS_POSITIVE,AUTOMATIC
noun,standstill,AFFECTS_POSITIVE,AUTOMATIC
noun,starvation,AFFECTS_BOTH,AUTOMATIC
noun,stealing,AFFECTS_BOTH,AUTOMATIC
noun,sterilisation,AFFECTS_BOTH,AUTOMATIC
noun,steriliser,AFFECTS_NEGATIVE,AUTOMATIC
noun,sterilization,AFFECTS_BOTH,AUTOMATIC
noun,sterilizer,AFFECTS_BOTH,AUTOMATIC
noun,stifler,AFFECTS_POSITIVE,GOLD_STANDARD
noun,stifling,AFFECTS_BOTH,AUTOMATIC
noun,stop,AFFECTS_BOTH,AUTOMATIC
noun,stoppage,AFFECTS_BOTH,AUTOMATIC
noun,stopper,AFFECTS_BOTH,GOLD_STANDARD
noun,strangler,AFFECTS_POSITIVE,GOLD_STANDARD
noun,strangling,AFFECTS_BOTH,AUTOMATIC
noun,strangulation,AFFECTS_BOTH,AUTOMATIC
noun,striker,AFFECTS_BOTH,GOLD_STANDARD
noun,stripping,AFFECTS_BOTH,AUTOMATIC
noun,stultification,AFFECTS_BOTH,AUTOMATIC
noun,stunting,AFFECTS_BOTH,AUTOMATIC
noun,subduer,AFFECTS_POSITIVE,AUTOMATIC
noun,subjugation,AFFECTS_BOTH,AUTOMATIC
noun,subjugator,AFFECTS_POSITIVE,AUTOMATIC
noun,subsidence,AFFECTS_BOTH,AUTOMATIC
noun,subsiding,AFFECTS_BOTH,AUTOMATIC
noun,subversion,AFFECTS_BOTH,GOLD_STANDARD
noun,subverter,AFFECTS_POSITIVE,AUTOMATIC
noun,succor,AFFECTS_NEGATIVE,GOLD_STANDARD
noun,suffering,AFFECTS_POSITIVE,AUTOMATIC
noun,suffocation,AFFECTS_BOTH,GOLD_STANDARD
noun,supersedure,AFFECTS_BOTH,AUTOMATIC
noun,supplanter,AFFECTS_POSITIVE,AUTOMATIC
noun,supplanting,AFFECTS_BOTH,AUTOMATIC
noun,suppressant,AFFECTS_POSITIVE,AUTOMATIC
noun,suppresser,AFFECTS_BOTH,AUTOMATIC
noun,suppression,AFFECTS_BOTH,GOLD_STANDARD
noun,suppressor,AFFECTS_BOTH,AUTOMATIC
noun,surrender,AFFECTS_BOTH,AUTOMATIC
noun,surrenderer,AFFECTS_BOTH,AUTOMATIC
noun,suspension,AFFECTS_BOTH,GOLD_STANDARD
noun,switcher,AFFECTS_BOTH,AUTOMATIC
noun,takedown,AFFECTS_BOTH,AUTOMATIC
noun,tear,AFFECTS_BOTH,GOLD_STANDARD
noun,termination,AFFECTS_BOTH,AUTOMATIC
noun,terminator,AFFECTS_BOTH,GOLD_STANDARD
noun,thinner,AFFECTS_BOTH,AUTOMATIC
noun,thinning,AFFECTS_BOTH,AUTOMATIC
noun,throttler,AFFECTS_POSITIVE,AUTOMATIC
noun,throttling,AFFECTS_BOTH,AUTOMATIC
noun,thwarter,AFFECTS_BOTH,AUTOMATIC
noun,thwarting,AFFECTS_BOTH,AUTOMATIC
noun,time-out,AFFECTS_BOTH,GOLD_STANDARD
noun,tonic,AFFECTS_POSITIVE,AUTOMATIC
noun,transgression,AFFECTS_BOTH,AUTOMATIC
noun,transgressor,AFFECTS_BOTH,AUTOMATIC
noun,trim,AFFECTS_BOTH,AUTOMATIC
noun,trimming,AFFECTS_BOTH,AUTOMATIC
noun,trip,AFFECTS_POSITIVE,GOLD_STANDARD
noun,trouble,AFFECTS_POSITIVE,GOLD_STANDARD
noun,trouncing,AFFECTS_BOTH,AUTOMATIC
noun,tumble,AFFECTS_BOTH,AUTOMATIC
noun,turn,AFFECTS_BOTH,AUTOMATIC
noun,turnabout,AFFECTS_BOTH,AUTOMATIC
noun,turndown,AFFECTS_BOTH,AUTOMATIC
noun,turning,AFFECTS_BOTH,AUTOMATIC
noun,unavailability,AFFECTS_POSITIVE,GOLD_STANDARD
noun,undoer,AFFECTS_BOTH,AUTOMATIC
noun,undoing,AFFECTS_BOTH,AUTOMATIC
noun,unfitness,AFFECTS_POSITIVE,AUTOMATIC
noun,unloading,AFFECTS_BOTH,AUTOMATIC
noun,unraveler,AFFECTS_POSITIVE,AUTOMATIC
noun,unraveller,AFFECTS_POSITIVE,AUTOMATIC
noun,unreality,AFFECTS_POSITIVE,AUTOMATIC
noun,untangling,AFFECTS_BOTH,AUTOMATIC
noun,uprooter,AFFECTS_BOTH,AUTOMATIC
noun,upset,AFFECTS_POSITIVE,GOLD_STANDARD
noun,vacation,AFFECTS_BOTH,AUTOMATIC
noun,vaccine,AFFECTS_BOTH,AUTOMATIC
noun,vandal,AFFECTS_POSITIVE,AUTOMATIC
noun,vanisher,AFFECTS_BOTH,AUTOMATIC
noun,vanishing,AFFECTS_BOTH,GOLD_STANDARD
noun,vanquisher,AFFECTS_BOTH,AUTOMATIC
noun,vapor,AFFECTS_BOTH,AUTOMATIC
noun,vaporization,AFFECTS_BOTH,AUTOMATIC
noun,violation,AFFECTS_POSITIVE,AUTOMATIC
noun,violator,AFFECTS_BOTH,AUTOMATIC
noun,vitiation,AFFECTS_BOTH,AUTOMATIC
noun,voidance,AFFECTS_BOTH,AUTOMATIC
noun,voiding,AFFECTS_BOTH,AUTOMATIC
noun,wait,AFFECTS_BOTH,AUTOMATIC
noun,waiver,AFFECTS_BOTH,AUTOMATIC
noun,wane,AFFECTS_BOTH,AUTOMATIC
noun,waning,AFFECTS_BOTH,AUTOMATIC
noun,want,AFFECTS_POSITIVE,GOLD_STANDARD
noun,washout,AFFECTS_BOTH,AUTOMATIC
noun,wastage,AFFECTS_BOTH,AUTOMATIC
noun,waste,AFFECTS_POSITIVE,GOLD_STANDARD
noun,waster,AFFECTS_BOTH,GOLD_STANDARD
noun,wasting,AFFECTS_POSITIVE,AUTOMATIC
noun,weakener,AFFECTS_POSITIVE,AUTOMATIC
noun,weakening,AFFECTS_BOTH,AUTOMATIC
noun,welsher,AFFECTS_POSITIVE,AUTOMATIC
noun,whipping,AFFECTS_BOTH,AUTOMATIC
noun,wilting,AFFECTS_BOTH,AUTOMATIC
noun,wipeout,AFFECTS_BOTH,AUTOMATIC
noun,withdrawal,AFFECTS_BOTH,AUTOMATIC
noun,withdrawer,AFFECTS_BOTH,AUTOMATIC
noun,withering,AFFECTS_POSITIVE,AUTOMATIC
noun,withholder,AFFECTS_BOTH,AUTOMATIC
noun,withholding,AFFECTS_BOTH,AUTOMATIC
noun,withstander,AFFECTS_BOTH,AUTOMATIC
noun,worsening,AFFECTS_BOTH,AUTOMATIC
noun,wound,AFFECTS_BOTH,AUTOMATIC
noun,wrack,AFFECTS_POSITIVE,AUTOMATIC
noun,wreck,AFFECTS_POSITIVE,AUTOMATIC
noun,wreckage,AFFECTS_POSITIVE,AUTOMATIC
noun,wrecker,AFFECTS_NEGATIVE,AUTOMATIC
noun,wrecking,AFFECTS_BOTH,AUTOMATIC
noun,wrinkle,AFFECTS_BOTH,AUTOMATIC
verb,abandon,AFFECTS_BOTH,AUTOMATIC
verb,abate,AFFECTS_BOTH,AUTOMATIC
verb,abjure,AFFECTS_NEGATIVE,AUTOMATIC
verb,ablate,AFFECTS_BOTH,AUTOMATIC
verb,abnegate,AFFECTS_BOTH,AUTOMATIC
verb,abolish,AFFECTS_BOTH,AUTOMATIC
verb,abort,AFFECTS_BOTH,AUTOMATIC
verb,about-face,AFFECTS_BOTH,GOLD_STANDARD
verb,abrade,AFFECTS_BOTH,AUTOMATIC
verb,abrogate,AFFECTS_BOTH,GOLD_STANDARD
verb,abscond,AFFECTS_BOTH,AUTOMATIC
verb,absent,AFFECTS_BOTH,GOLD_STANDARD
verb,absolve,AFFECTS_NEGATIVE,AUTOMATIC
verb,absquatulate,AFFECTS_BOTH,AUTOMATIC
verb,abstain,AFFECTS_NEGATIVE,AUTOMATIC
verb,abstract,AFFECTS_POSITIVE,GOLD_STANDARD
verb,adjourn,AFFECTS_BOTH,AUTOMATIC
verb,adulterate,AFFECTS_BOTH,AUTOMATIC
verb,allay,AFFECTS_NEGATIVE,AUTOMATIC
verb,alleviate,AFFECTS_NEGATIVE,AUTOMATIC
verb,ameliorate,AFFECTS_NEGATIVE,AUTOMATIC
verb,amend,AFFECTS_NEGATIVE,AUTOMATIC
verb,amputate,AFFECTS_BOTH,AUTOMATIC
verb,annihilate,AFFECTS_BOTH,AUTOMATIC
verb,annul,AFFECTS_BOTH,AUTOMATIC
verb,antagonise,AFFECTS_BOTH,GOLD_STANDARD
verb,antagonize,AFFECTS_BOTH,AUTOMATIC
verb,arbitrage,AFFECTS_BOTH,GOLD_STANDARD
verb,arrest,AFFECTS_BOTH,GOLD_STANDARD
verb,asphyxiate,AFFECTS_POSITIVE,GOLD_STANDARD
verb,assuage,AFFECTS_NEGATIVE,AUTOMATIC
verb,atomise,AFFECTS_BOTH,AUTOMATIC
verb,atone,AFFECTS_NEGATIVE,GOLD_STANDARD
verb,atrophy,AFFECTS_BOTH,GOLD_STANDARD
verb,attenuate,AFFECTS_BOTH,AUTOMATIC
verb,avert,AFFECTS_NEGATIVE,AUTOMATIC
verb,avoid,AFFECTS_NEGATIVE,GOLD_STANDARD
verb,ax,AFFECTS_BOTH,GOLD_STANDARD
verb,axe,AFFECTS_BOTH,GOLD_STANDARD
verb,back_down,AFFECTS_BOTH,GOLD_STANDARD
verb,back_off,AFFECTS_BOTH,GOLD_STANDARD
verb,back_out,AFFECTS_BOTH,AUTOMATIC
verb,back_up,AFFECTS_BOTH,AUTOMATIC
verb,backfire,AFFECTS_POSITIVE,GOLD_STANDARD
verb,background,AFFECTS_NEGATIVE,GOLD_STANDARD
verb,baffle,AFFECTS_BOTH,GOLD_STANDARD
verb,bail_out,AFFECTS_BOTH,AUTOMATIC
verb,balance,AFFECTS_BOTH,GOLD_STANDARD
verb,bale_out,AFFECTS_BOTH,AUTOMATIC
verb,balk,AFFECTS_NEGATIVE,GOLD_STANDARD
verb,ball_up,AFFECTS_POSITIVE,AUTOMATIC
verb,ban,AFFECTS_NEGATIVE,GOLD_STANDARD
verb,bang_up,AFFECTS_BOTH,AUTOMATIC
verb,banish,AFFECTS_NEGATIVE,GOLD_STANDARD
verb,bar,AFFECTS_NEGATIVE,AUTOMATIC
verb,barricade,AFFECTS_BOTH,AUTOMATIC
verb,bate,AFFECTS_BOTH,AUTOMATIC
verb,battle,AFFECTS_NEGATIVE,GOLD_STANDARD
verb,baulk,AFFECTS_NEGATIVE,AUTOMATIC
verb,bear_down,AFFECTS_BOTH,AUTOMATIC
verb,bear_off,AFFECTS_BOTH,AUTOMATIC
verb,beat_back,AFFECTS_NEGATIVE,GOLD_STANDARD
verb,becloud,AFFECTS_BOTH,GOLD_STANDARD
verb,beggar,AFFECTS_BOTH,AUTOMATIC
verb,belie,AFFECTS_BOTH,AUTOMATIC
verb,benumb,AFFECTS_BOTH,GOLD_STANDARD
verb,better,AFFECTS_NEGATIVE,AUTOMATIC
verb,biodegrade,AFFECTS_BOTH,GOLD_STANDARD
verb,black,AFFECTS_POSITIVE,GOLD_STANDARD
verb,blackball,AFFECTS_NEGATIVE,AUTOMATIC
verb,blank,AFFECTS_BOTH,AUTOMATIC
verb,blast,AFFECTS_BOTH,AUTOMATIC
verb,bleach_out,AFFECTS_BOTH,AUTOMATIC
verb,block,AFFECTS_BOTH,AUTOMATIC
verb,block_off,AFFECTS_BOTH,AUTOMATIC
verb,block_out,AFFECTS_BOTH,AUTOMATIC
verb,block_up,AFFECTS_BOTH,AUTOMATIC
verb,blockade,AFFECTS_BOTH,AUTOMATIC
verb,blot_out,AFFECTS_BOTH,GOLD_STANDARD
verb,blow,AFFECTS_BOTH,AUTOMATIC
verb,blow_off,AFFECTS_BOTH,GOLD_STANDARD
verb,blow_out,AFFECTS_BOTH,GOLD_STANDARD
verb,blunt,AFFECTS_BOTH,AUTOMATIC
verb,bobble,AFFECTS_POSITIVE,GOLD_STANDARD
verb,bodge,AFFECTS_POSITIVE,AUTOMATIC
verb,bog,AFFECTS_BOTH,AUTOMATIC
verb,bog_down,AFFECTS_BOTH,AUTOMATIC
verb,bollix,AFFECTS_POSITIVE,AUTOMATIC
verb,bollix_up,AFFECTS_POSITIVE,GOLD_STANDARD
verb,bollocks,AFFECTS_POSITIVE,GOLD_STANDARD
verb,bollocks_up,AFFECTS_POSITIVE,GOLD_STANDARD
verb,bolt,AFFECTS_BOTH,AUTOMATIC
verb,bolt_out,AFFECTS_BOTH,AUTOMATIC
verb,boot_out,AFFECTS_NEGATIVE,GOLD_STANDARD
verb,botch,AFFECTS_POSITIVE,AUTOMATIC
verb,botch_up,AFFECTS_POSITIVE,AUTOMATIC
verb,bottleneck,AFFECTS_BOTH,AUTOMATIC
verb,bounce_back,AFFECTS_BOTH,AUTOMATIC
verb,bow_out,AFFECTS_BOTH,AUTOMATIC
verb,breach,AFFECTS_POSITIVE,GOLD_STANDARD
verb,break,AFFECTS_BOTH,AUTOMATIC
verb,break_apart,AFFECTS_BOTH,AUTOMATIC
verb,break_away,AFFECTS_BOTH,AUTOMATIC
verb,break_down,AFFECTS_BOTH,AUTOMATIC
verb,break_in,AFFECTS_BOTH,GOLD_STANDARD
verb,break_off,AFFECTS_BOTH,AUTOMATIC
verb,break_out,AFFECTS_BOTH,AUTOMATIC
verb,break_up,AFFECTS_BOTH,AUTOMATIC
verb,bring_down,AFFECTS_BOTH,AUTOMATIC
verb,bruise,AFFECTS_BOTH,AUTOMATIC
verb,brush_aside,AFFECTS_NEGATIVE,AUTOMATIC
verb,brush_off,AFFECTS_NEGATIVE,AUTOMATIC
verb,buckle,AFFECTS_BOTH,GOLD_STANDARD
verb,budge,AFFECTS_BOTH,GOLD_STANDARD
verb,bug_out,AFFECTS_BOTH,GOLD_STANDARD
verb,bugger,AFFECTS_POSITIVE,GOLD_STANDARD
verb,bugger_off,AFFECTS_BOTH,AUTOMATIC
verb,bulldoze,AFFECTS_BOTH,GOLD_STANDARD
verb,bumble,AFFECTS_POSITIVE,GOLD_STANDARD
verb,bump,AFFECTS_BOTH,AUTOMATIC
verb,bundle_off,AFFECTS_NEGATIVE,GOLD_STANDARD
verb,bungle,AFFECTS_POSITIVE,AUTOMATIC
verb,burn,AFFECTS_BOTH,AUTOMATIC
verb,burn_down,AFFECTS_BOTH,AUTOMATIC
verb,burn_off,AFFECTS_BOTH,GOLD_STANDARD
verb,burn_out,AFFECTS_BOTH,AUTOMATIC
verb,burst,AFFECTS_BOTH,GOLD_STANDARD
verb,bury,AFFECTS_BOTH,AUTOMATIC
verb,bust,AFFECTS_BOTH,AUTOMATIC
verb,bust_up,AFFECTS_BOTH,AUTOMATIC
verb,buzz_off,AFFECTS_BOTH,AUTOMATIC
verb,bypass,AFFECTS_POSITIVE,AUTOMATIC
verb,call_off,AFFECTS_BOTH,AUTOMATIC
verb,calm,AFFECTS_BOTH,AUTOMATIC
verb,calm_down,AFFECTS_NEGATIVE,AUTOMATIC
verb,can,AFFECTS_BOTH,AUTOMATIC
verb,cancel,AFFECTS_BOTH,AUTOMATIC
verb,cancel_out,AFFECTS_BOTH,AUTOMATIC
verb,cast,AFFECTS_NEGATIVE,AUTOMATIC
verb,cast_aside,AFFECTS_NEGATIVE,AUTOMATIC
verb,cast_away,AFFECTS_NEGATIVE,AUTOMATIC
verb,cast_off,AFFECTS_NEGATIVE,GOLD_STANDARD
verb,cast_out,AFFECTS_NEGATIVE,AUTOMATIC
verb,cave_in,AFFECTS_BOTH,AUTOMATIC
verb,cease,AFFECTS_BOTH,AUTOMATIC
verb,censor,AFFECTS_BOTH,AUTOMATIC
verb,chase_away,AFFECTS_NEGATIVE,AUTOMATIC
verb,check,AFFECTS_BOTH,GOLD_STANDARD
verb,chip_away,AFFECTS_BOTH,GOLD_STANDARD
verb,chip_off,AFFECTS_BOTH,AUTOMATIC
verb,choke,AFFECTS_BOTH,GOLD_STANDARD
verb,choke_back,AFFECTS_NEGATIVE,AUTOMATIC
verb,choke_down,AFFECTS_NEGATIVE,AUTOMATIC
verb,choke_off,AFFECTS_BOTH,AUTOMATIC
verb,chop_down,AFFECTS_BOTH,AUTOMATIC
verb,chop_off,AFFECTS_BOTH,AUTOMATIC
verb,chuck_out,AFFECTS_NEGATIVE,AUTOMATIC
verb,circumvent,AFFECTS_NEGATIVE,AUTOMATIC
verb,clean_out,AFFECTS_NEGATIVE,GOLD_STANDARD
verb,clear,AFFECTS_NEGATIVE,GOLD_STANDARD
verb,clear_away,AFFECTS_BOTH,AUTOMATIC
verb,clear_off,AFFECTS_BOTH,AUTOMATIC
verb,clear_out,AFFECTS_BOTH,GOLD_STANDARD
verb,clear_up,AFFECTS_BOTH,AUTOMATIC
verb,clip,AFFECTS_BOTH,GOLD_STANDARD
verb,clog,AFFECTS_BOTH,AUTOMATIC
verb,close,AFFECTS_BOTH,GOLD_STANDARD
verb,close_down,AFFECTS_BOTH,AUTOMATIC
verb,close_off,AFFECTS_BOTH,AUTOMATIC
verb,close_out,AFFECTS_BOTH,AUTOMATIC
verb,close_up,AFFECTS_POSITIVE,AUTOMATIC
verb,closure,AFFECTS_BOTH,GOLD_STANDARD
verb,cloture,AFFECTS_BOTH,AUTOMATIC
verb,cloud,AFFECTS_BOTH,AUTOMATIC
verb,cloud_over,AFFECTS_BOTH,GOLD_STANDARD
verb,cloud_up,AFFECTS_BOTH,GOLD_STANDARD
verb,collapse,AFFECTS_BOTH,GOLD_STANDARD
verb,combat,AFFECTS_NEGATIVE,AUTOMATIC
verb,come_apart,AFFECTS_BOTH,GOLD_STANDARD
verb,come_away,AFFECTS_BOTH,AUTOMATIC
verb,come_down,AFFECTS_BOTH,AUTOMATIC
verb,come_off,AFFECTS_BOTH,AUTOMATIC
verb,come_out,AFFECTS_BOTH,AUTOMATIC
verb,comminute,AFFECTS_BOTH,AUTOMATIC
verb,compensate,AFFECTS_NEGATIVE,AUTOMATIC
verb,confute,AFFECTS_BOTH,GOLD_STANDARD
verb,conk,AFFECTS_BOTH,GOLD_STANDARD
verb,conk_out,AFFECTS_BOTH,AUTOMATIC
verb,conquer,AFFECTS_NEGATIVE,AUTOMATIC
verb,constrain,AFFECTS_BOTH,AUTOMATIC
verb,constrict,AFFECTS_BOTH,AUTOMATIC
verb,consume,AFFECTS_BOTH,AUTOMATIC
verb,contract,AFFECTS_BOTH,AUTOMATIC
verb,controvert,AFFECTS_BOTH,AUTOMATIC
verb,convalesce,AFFECTS_NEGATIVE,GOLD_STANDARD
verb,cool_off,AFFECTS_BOTH,AUTOMATIC
verb,corrade,AFFECTS_BOTH,AUTOMATIC
verb,correct,AFFECTS_NEGATIVE,AUTOMATIC
verb,corrupt,AFFECTS_POSITIVE,GOLD_STANDARD
verb,corset,AFFECTS_POSITIVE,GOLD_STANDARD
verb,cost,AFFECTS_POSITIVE,GOLD_STANDARD
verb,counteract,AFFECTS_POSITIVE,AUTOMATIC
verb,countermand,AFFECTS_NEGATIVE,GOLD_STANDARD
verb,crack,AFFECTS_BOTH,AUTOMATIC
verb,cramp,AFFECTS_BOTH,AUTOMATIC
verb,crash,AFFECTS_BOTH,AUTOMATIC
verb,cremate,AFFECTS_BOTH,GOLD_STANDARD
verb,cringe,AFFECTS_NEGATIVE,AUTOMATIC
verb,cripple,AFFECTS_POSITIVE,AUTOMATIC
verb,crock,AFFECTS_BOTH,GOLD_STANDARD
verb,cross_off,AFFECTS_BOTH,AUTOMATIC
verb,cross_out,AFFECTS_BOTH,AUTOMATIC
verb,crumble,AFFECTS_BOTH,AUTOMATIC
verb,crumple,AFFECTS_BOTH,AUTOMATIC
verb,crush,AFFECTS_BOTH,GOLD_STANDARD
verb,crush_out,AFFECTS_BOTH,AUTOMATIC
verb,cumber,AFFECTS_POSITIVE,AUTOMATIC
verb,curb,AFFECTS_NEGATIVE,AUTOMATIC
verb,curtail,AFFECTS_BOTH,AUTOMATIC
verb,cut,AFFECTS_BOTH,AUTOMATIC
verb,cut_away,AFFECTS_BOTH,AUTOMATIC
verb,cut_back,AFFECTS_BOTH,GOLD_STANDARD
verb,cut_down,AFFECTS_BOTH,AUTOMATIC
verb,cut_off,AFFECTS_BOTH,AUTOMATIC
verb,cut_out,AFFECTS_BOTH,GOLD_STANDARD
verb,dam,AFFECTS_BOTH,AUTOMATIC
verb,dam_up,AFFECTS_BOTH,GOLD_STANDARD
verb,damage,AFFECTS_BOTH,AUTOMATIC
verb,dampen,AFFECTS_BOTH,AUTOMATIC
verb,dash,AFFECTS_BOTH,GOLD_STANDARD
verb,de-escalate,AFFECTS_BOTH,AUTOMATIC
verb,deactivate,AFFECTS_BOTH,GOLD_STANDARD
verb,deaden,AFFECTS_BOTH,AUTOMATIC
verb,debar,AFFECTS_NEGATIVE,AUTOMATIC
verb,debase,AFFECTS_POSITIVE,GOLD_STANDARD
verb,debunk,AFFECTS_POSITIVE,AUTOMATIC
verb,decamp,AFFECTS_BOTH,AUTOMATIC
verb,decay,AFFECTS_BOTH,AUTOMATIC
verb,decease,AFFECTS_BOTH,AUTOMATIC
verb,decelerate,AFFECTS_BOTH,AUTOMATIC
verb,decimate,AFFECTS_BOTH,AUTOMATIC
verb,decline,AFFECTS_BOTH,AUTOMATIC
verb,decommission,AFFECTS_BOTH,GOLD_STANDARD
verb,decompose,AFFECTS_BOTH,AUTOMATIC
verb,decrease,AFFECTS_BOTH,AUTOMATIC
verb,defang,AFFECTS_NEGATIVE,GOLD_STANDARD
verb,defeat,AFFECTS_NEGATIVE,AUTOMATIC
verb,defer,AFFECTS_BOTH,AUTOMATIC
verb,defile,AFFECTS_BOTH,AUTOMATIC
verb,deflate,AFFECTS_BOTH,GOLD_STANDARD
verb,deflect,AFFECTS_NEGATIVE,AUTOMATIC
verb,deflower,AFFECTS_POSITIVE,GOLD_STANDARD
verb,defuse,AFFECTS_NEGATIVE,GOLD_STANDARD
verb,degenerate,AFFECTS_BOTH,AUTOMATIC
verb,degrade,AFFECTS_POSITIVE,GOLD_STANDARD
verb,delay,AFFECTS_BOTH,AUTOMATIC
verb,delete,AFFECTS_BOTH,GOLD_STANDARD
verb,demolish,AFFECTS_POSITIVE,AUTOMATIC
verb,demoralise,AFFECTS_POSITIVE,GOLD_STANDARD
verb,demoralize,AFFECTS_POSITIVE,AUTOMATIC
verb,deny,AFFECTS_BOTH,AUTOMATIC
verb,depart,AFFECTS_BOTH,AUTOMATIC
verb,deplete,AFFECTS_BOTH,AUTOMATIC
verb,deprave,AFFECTS_POSITIVE,AUTOMATIC
verb,depress,AFFECTS_BOTH,AUTOMATIC
verb,deprive,AFFECTS_BOTH,AUTOMATIC
verb,derail,AFFECTS_BOTH,AUTOMATIC
verb,derange,AFFECTS_POSITIVE,GOLD_STANDARD
verb,desert,AFFECTS_BOTH,GOLD_STANDARD
verb,desolate,AFFECTS_BOTH,GOLD_STANDARD
verb,despatch,AFFECTS_BOTH,GOLD_STANDARD
verb,despoil,AFFECTS_POSITIVE,AUTOMATIC
verb,destroy,AFFECTS_BOTH,GOLD_STANDARD
verb,destruct,AFFECTS_BOTH,AUTOMATIC
verb,detain,AFFECTS_BOTH,GOLD_STANDARD
verb,deter,AFFECTS_NEGATIVE,AUTOMATIC
verb,deterge,AFFECTS_BOTH,AUTOMATIC
verb,deteriorate,AFFECTS_BOTH,AUTOMATIC
verb,detract,AFFECTS_BOTH,AUTOMATIC
verb,devastate,AFFECTS_BOTH,AUTOMATIC
verb,deviate,AFFECTS_BOTH,GOLD_STANDARD
verb,devour,AFFECTS_BOTH,AUTOMATIC
verb,die,AFFECTS_BOTH,AUTOMATIC
verb,die_away,AFFECTS_BOTH,AUTOMATIC
verb,die_back,AFFECTS_BOTH,GOLD_STANDARD
verb,die_down,AFFECTS_BOTH,AUTOMATIC
verb,die_off,AFFECTS_BOTH,AUTOMATIC
verb,die_out,AFFECTS_BOTH,AUTOMATIC
verb,dilapidate,AFFECTS_BOTH,AUTOMATIC
verb,dilly-dally,AFFECTS_NEGATIVE,AUTOMATIC
verb,dillydally,AFFECTS_NEGATIVE,GOLD_STANDARD
verb,dilute,AFFECTS_BOTH,AUTOMATIC
verb,diminish,AFFECTS_BOTH,AUTOMATIC
verb,dip,AFFECTS_BOTH,AUTOMATIC
verb,disable,AFFECTS_BOTH,AUTOMATIC
verb,disallow,AFFECTS_BOTH,AUTOMATIC
verb,disappear,AFFECTS_BOTH,AUTOMATIC
verb,disarm,AFFECTS_BOTH,AUTOMATIC
verb,disassemble,AFFECTS_BOTH,AUTOMATIC
verb,disburden,AFFECTS_BOTH,AUTOMATIC
verb,discard,AFFECTS_NEGATIVE,GOLD_STANDARD
verb,discharge,AFFECTS_NEGATIVE,GOLD_STANDARD
verb,discontinue,AFFECTS_BOTH,AUTOMATIC
verb,discourage,AFFECTS_NEGATIVE,GOLD_STANDARD
verb,disembarrass,AFFECTS_NEGATIVE,GOLD_STANDARD
verb,disenable,AFFECTS_BOTH,GOLD_STANDARD
verb,disencumber,AFFECTS_NEGATIVE,AUTOMATIC
verb,disengage,AFFECTS_BOTH,AUTOMATIC
verb,disentangle,AFFECTS_NEGATIVE,AUTOMATIC
verb,dish,AFFECTS_BOTH,GOLD_STANDARD
verb,disintegrate,AFFECTS_BOTH,GOLD_STANDARD
verb,disjoint,AFFECTS_BOTH,AUTOMATIC
verb,dislodge,AFFECTS_BOTH,AUTOMATIC
verb,dismantle,AFFECTS_BOTH,AUTOMATIC
verb,dismiss,AFFECTS_BOTH,AUTOMATIC
verb,disown,AFFECTS_NEGATIVE,AUTOMATIC
verb,dispatch,AFFECTS_BOTH,AUTOMATIC
verb,dispel,AFFECTS_NEGATIVE,AUTOMATIC
verb,dispense_with,AFFECTS_POSITIVE,AUTOMATIC
verb,displace,AFFECTS_BOTH,AUTOMATIC
verb,disprove,AFFECTS_BOTH,AUTOMATIC
verb,disqualify,AFFECTS_BOTH,AUTOMATIC
verb,disregard,AFFECTS_BOTH,AUTOMATIC
verb,disrupt,AFFECTS_POSITIVE,AUTOMATIC
verb,dissipate,AFFECTS_BOTH,AUTOMATIC
verb,dissolve,AFFECTS_NEGATIVE,GOLD_STANDARD
verb,dissuade,AFFECTS_NEGATIVE,AUTOMATIC
verb,disturb,AFFECTS_BOTH,GOLD_STANDARD
verb,ditch,AFFECTS_BOTH,GOLD_STANDARD
verb,diverge,AFFECTS_BOTH,GOLD_STANDARD
verb,divert,AFFECTS_BOTH,AUTOMATIC
verb,divest,AFFECTS_NEGATIVE,AUTOMATIC
verb,dodge,AFFECTS_NEGATIVE,AUTOMATIC
verb,douse,AFFECTS_BOTH,GOLD_STANDARD
verb,downsize,AFFECTS_BOTH,GOLD_STANDARD
verb,drain,AFFECTS_BOTH,AUTOMATIC
verb,draw_back,AFFECTS_NEGATIVE,AUTOMATIC
verb,draw_out,AFFECTS_BOTH,AUTOMATIC
verb,drift_away,AFFECTS_POSITIVE,GOLD_STANDARD
verb,drive_away,AFFECTS_NEGATIVE,GOLD_STANDARD
verb,drive_back,AFFECTS_NEGATIVE,AUTOMATIC
verb,drive_off,AFFECTS_NEGATIVE,AUTOMATIC
verb,drive_out,AFFECTS_NEGATIVE,AUTOMATIC
verb,drop,AFFECTS_BOTH,AUTOMATIC
verb,drop_away,AFFECTS_BOTH,AUTOMATIC
verb,drop_down,AFFECTS_BOTH,AUTOMATIC
verb,drop_off,AFFECTS_BOTH,AUTOMATIC
verb,drop_out,AFFECTS_BOTH,AUTOMATIC
verb,drum_out,AFFECTS_BOTH,AUTOMATIC
verb,dry_out,AFFECTS_BOTH,AUTOMATIC
verb,dry_up,AFFECTS_POSITIVE,AUTOMATIC
verb,duck,AFFECTS_NEGATIVE,AUTOMATIC
verb,dull,AFFECTS_BOTH,GOLD_STANDARD
verb,dump,AFFECTS_BOTH,AUTOMATIC
verb,dwindle,AFFECTS_BOTH,AUTOMATIC
verb,dwindle_away,AFFECTS_BOTH,AUTOMATIC
verb,dwindle_down,AFFECTS_BOTH,AUTOMATIC
verb,ease,AFFECTS_NEGATIVE,AUTOMATIC
verb,ease_off,AFFECTS_BOTH,AUTOMATIC
verb,ease_up,AFFECTS_BOTH,AUTOMATIC
verb,eat,AFFECTS_BOTH,GOLD_STANDARD
verb,eat_away,AFFECTS_BOTH,AUTOMATIC
verb,eat_up,AFFECTS_BOTH,AUTOMATIC
verb,ebb,AFFECTS_BOTH,GOLD_STANDARD
verb,ebb_away,AFFECTS_BOTH,GOLD_STANDARD
verb,efface,AFFECTS_BOTH,AUTOMATIC
verb,egest,AFFECTS_BOTH,AUTOMATIC
verb,eject,AFFECTS_BOTH,GOLD_STANDARD
verb,eliminate,AFFECTS_BOTH,AUTOMATIC
verb,elude,AFFECTS_BOTH,AUTOMATIC
verb,empty,AFFECTS_BOTH,AUTOMATIC
verb,encroach,AFFECTS_POSITIVE,GOLD_STANDARD
verb,encumber,AFFECTS_POSITIVE,AUTOMATIC
verb,end,AFFECTS_BOTH,AUTOMATIC
verb,eradicate,AFFECTS_BOTH,GOLD_STANDARD
verb,erase,AFFECTS_BOTH,GOLD_STANDARD
verb,erode,AFFECTS_BOTH,AUTOMATIC
verb,escape,AFFECTS_NEGATIVE,AUTOMATIC
verb,eschew,AFFECTS_NEGATIVE,AUTOMATIC
verb,evade,AFFECTS_NEGATIVE,AUTOMATIC
verb,evaporate,AFFECTS_BOTH,AUTOMATIC
verb,exchange,AFFECTS_BOTH,GOLD_STANDARD
verb,excise,AFFECTS_NEGATIVE,GOLD_STANDARD
verb,exclude,AFFECTS_BOTH,AUTOMATIC
verb,excrete,AFFECTS_BOTH,GOLD_STANDARD
verb,exempt,AFFECTS_NEGATIVE,GOLD_STANDARD
verb,exhaust,AFFECTS_BOTH,AUTOMATIC
verb,exit,AFFECTS_BOTH,AUTOMATIC
verb,exonerate,AFFECTS_NEGATIVE,AUTOMATIC
verb,exorcise,AFFECTS_NEGATIVE,AUTOMATIC
verb,exorcize,AFFECTS_NEGATIVE,AUTOMATIC
verb,expel,AFFECTS_NEGATIVE,GOLD_STANDARD
verb,expire,AFFECTS_BOTH,AUTOMATIC
verb,explode,AFFECTS_BOTH,AUTOMATIC
verb,expunge,AFFECTS_NEGATIVE,AUTOMATIC
verb,exterminate,AFFECTS_BOTH,AUTOMATIC
verb,extinguish,AFFECTS_BOTH,AUTOMATIC
verb,extirpate,AFFECTS_BOTH,AUTOMATIC
verb,extract,AFFECTS_BOTH,GOLD_STANDARD
verb,extricate,AFFECTS_NEGATIVE,GOLD_STANDARD
verb,factor_out,AFFECTS_NEGATIVE,GOLD_STANDARD
verb,fade,AFFECTS_BOTH,AUTOMATIC
verb,fade_away,AFFECTS_BOTH,AUTOMATIC
verb,fade_out,AFFECTS_BOTH,GOLD_STANDARD
verb,fail,AFFECTS_BOTH,AUTOMATIC
verb,fall,AFFECTS_BOTH,AUTOMATIC
verb,fall_apart,AFFECTS_BOTH,AUTOMATIC
verb,fall_away,AFFECTS_BOTH,GOLD_STANDARD
verb,fall_back,AFFECTS_POSITIVE,AUTOMATIC
verb,fall_down,AFFECTS_POSITIVE,GOLD_STANDARD
verb,fall_in,AFFECTS_BOTH,GOLD_STANDARD
verb,fall_off,AFFECTS_BOTH,GOLD_STANDARD
verb,fall_out,AFFECTS_BOTH,GOLD_STANDARD
verb,fall_over,AFFECTS_POSITIVE,GOLD_STANDARD
verb,fend_off,AFFECTS_NEGATIVE,GOLD_STANDARD
verb,fettle,AFFECTS_BOTH,GOLD_STANDARD
verb,fight_back,AFFECTS_NEGATIVE,AUTOMATIC
verb,fight_down,AFFECTS_NEGATIVE,AUTOMATIC
verb,fight_off,AFFECTS_NEGATIVE,AUTOMATIC
verb,filter_out,AFFECTS_BOTH,GOLD_STANDARD
verb,finish,AFFECTS_BOTH,GOLD_STANDARD
verb,finish_off,AFFECTS_BOTH,AUTOMATIC
verb,fire,AFFECTS_BOTH,AUTOMATIC
verb,fizzle_out,AFFECTS_BOTH,AUTOMATIC
verb,flag,AFFECTS_BOTH,AUTOMATIC
verb,flee,AFFECTS_NEGATIVE,AUTOMATIC
verb,flinch,AFFECTS_NEGATIVE,GOLD_STANDARD
verb,fling_off,AFFECTS_NEGATIVE,GOLD_STANDARD
verb,flop,AFFECTS_BOTH,AUTOMATIC
verb,flub,AFFECTS_POSITIVE,AUTOMATIC
verb,fluff,AFFECTS_POSITIVE,AUTOMATIC
verb,fly,AFFECTS_BOTH,AUTOMATIC
verb,foil,AFFECTS_BOTH,AUTOMATIC
verb,forbid,AFFECTS_BOTH,GOLD_STANDARD
verb,force_back,AFFECTS_NEGATIVE,AUTOMATIC
verb,force_out,AFFECTS_BOTH,GOLD_STANDARD
verb,foreclose,AFFECTS_BOTH,AUTOMATIC
verb,forefend,AFFECTS_NEGATIVE,AUTOMATIC
verb,forego,AFFECTS_BOTH,AUTOMATIC
verb,forestall,AFFECTS_BOTH,AUTOMATIC
verb,foreswear,AFFECTS_NEGATIVE,AUTOMATIC
verb,forfeit,AFFECTS_BOTH,AUTOMATIC
verb,forfend,AFFECTS_NEGATIVE,GOLD_STANDARD
verb,forget,AFFECTS_BOTH,AUTOMATIC
verb,forgo,AFFECTS_BOTH,AUTOMATIC
verb,forsake,AFFECTS_POSITIVE,GOLD_STANDARD
verb,forswear,AFFECTS_NEGATIVE,GOLD_STANDARD
verb,foul_up,AFFECTS_POSITIVE,AUTOMATIC
verb,founder,AFFECTS_BOTH,AUTOMATIC
verb,fracture,AFFECTS_BOTH,AUTOMATIC
verb,fragment,AFFECTS_BOTH,AUTOMATIC
verb,fragmentise,AFFECTS_BOTH,AUTOMATIC
verb,fragmentize,AFFECTS_BOTH,GOLD_STANDARD
verb,free,AFFECTS_NEGATIVE,AUTOMATIC
verb,freeze,AFFECTS_BOTH,AUTOMATIC
verb,freeze_off,AFFECTS_NEGATIVE,AUTOMATIC
verb,frustrate,AFFECTS_POSITIVE,GOLD_STANDARD
verb,fuck_up,AFFECTS_POSITIVE,AUTOMATIC
verb,fudge,AFFECTS_NEGATIVE,AUTOMATIC
verb,fumble,AFFECTS_POSITIVE,AUTOMATIC
verb,funk,AFFECTS_NEGATIVE,GOLD_STANDARD
verb,get_away,AFFECTS_NEGATIVE,AUTOMATIC
verb,get_off,AFFECTS_BOTH,AUTOMATIC
verb,get_out,AFFECTS_BOTH,AUTOMATIC
verb,give_away,AFFECTS_BOTH,AUTOMATIC
verb,give_out,AFFECTS_BOTH,GOLD_STANDARD
verb,give_up,AFFECTS_BOTH,AUTOMATIC
verb,go_away,AFFECTS_BOTH,GOLD_STANDARD
verb,go_down,AFFECTS_BOTH,AUTOMATIC
verb,go_off,AFFECTS_BOTH,GOLD_STANDARD
verb,go_out,AFFECTS_BOTH,AUTOMATIC
verb,halt,AFFECTS_BOTH,GOLD_STANDARD
verb,hamper,AFFECTS_BOTH,AUTOMATIC
verb,hamstring,AFFECTS_POSITIVE,GOLD_STANDARD
verb,head_off,AFFECTS_NEGATIVE,AUTOMATIC
verb,heal,AFFECTS_NEGATIVE,AUTOMATIC
verb,hedge,AFFECTS_BOTH,AUTOMATIC
verb,hinder,AFFECTS_BOTH,AUTOMATIC
verb,hog-tie,AFFECTS_BOTH,GOLD_STANDARD
verb,hold,AFFECTS_BOTH,AUTOMATIC
verb,hold_back,AFFECTS_BOTH,AUTOMATIC
verb,hold_down,AFFECTS_BOTH,AUTOMATIC
verb,hold_in,AFFECTS_NEGATIVE,AUTOMATIC
verb,hold_over,AFFECTS_BOTH,AUTOMATIC
verb,hurt,AFFECTS_BOTH,GOLD_STANDARD
verb,hush,AFFECTS_NEGATIVE,AUTOMATIC
verb,hush_up,AFFECTS_NEGATIVE,AUTOMATIC
verb,ignore,AFFECTS_BOTH,AUTOMATIC
verb,immobilise,AFFECTS_BOTH,AUTOMATIC
verb,immobilize,AFFECTS_BOTH,AUTOMATIC
verb,impair,AFFECTS_BOTH,AUTOMATIC
verb,impede,AFFECTS_POSITIVE,AUTOMATIC
verb,impinge,AFFECTS_POSITIVE,AUTOMATIC
verb,impoverish,AFFECTS_BOTH,GOLD_STANDARD
verb,improve,AFFECTS_NEGATIVE,GOLD_STANDARD
verb,inactivate,AFFECTS_BOTH,AUTOMATIC
verb,incapacitate,AFFECTS_BOTH,AUTOMATIC
verb,incinerate,AFFECTS_BOTH,AUTOMATIC
verb,infract,AFFECTS_POSITIVE,AUTOMATIC
verb,infringe,AFFECTS_POSITIVE,AUTOMATIC
verb,inhibit,AFFECTS_POSITIVE,AUTOMATIC
verb,injure,AFFECTS_BOTH,AUTOMATIC
verb,interchange,AFFECTS_BOTH,GOLD_STANDARD
verb,interdict,AFFECTS_BOTH,AUTOMATIC
verb,interfere,AFFECTS_POSITIVE,AUTOMATIC
verb,interrupt,AFFECTS_POSITIVE,GOLD_STANDARD
verb,invalidate,AFFECTS_BOTH,AUTOMATIC
verb,iron_out,AFFECTS_NEGATIVE,GOLD_STANDARD
verb,jeopardize,AFFECTS_BOTH,AUTOMATIC
verb,jettison,AFFECTS_NEGATIVE,AUTOMATIC
verb,jib,AFFECTS_NEGATIVE,AUTOMATIC
verb,junk,AFFECTS_NEGATIVE,GOLD_STANDARD
verb,keep_away,AFFECTS_NEGATIVE,GOLD_STANDARD
verb,keep_down,AFFECTS_NEGATIVE,AUTOMATIC
verb,keep_in,AFFECTS_BOTH,GOLD_STANDARD
verb,keep_out,AFFECTS_BOTH,AUTOMATIC
verb,kibosh,AFFECTS_BOTH,AUTOMATIC
verb,kick,AFFECTS_NEGATIVE,GOLD_STANDARD
verb,kick_out,AFFECTS_NEGATIVE,GOLD_STANDARD
verb,kill,AFFECTS_BOTH,AUTOMATIC
verb,knock_down,AFFECTS_BOTH,AUTOMATIC
verb,knock_off,AFFECTS_BOTH,AUTOMATIC
verb,knock_out,AFFECTS_BOTH,AUTOMATIC
verb,lack,AFFECTS_BOTH,GOLD_STANDARD
verb,lapse,AFFECTS_BOTH,AUTOMATIC
verb,lay_aside,AFFECTS_BOTH,GOLD_STANDARD
verb,lay_off,AFFECTS_BOTH,AUTOMATIC
verb,leash,AFFECTS_BOTH,GOLD_STANDARD
verb,leave,AFFECTS_BOTH,AUTOMATIC
verb,leave_off,AFFECTS_BOTH,AUTOMATIC
verb,leave_out,AFFECTS_BOTH,AUTOMATIC
verb,lessen,AFFECTS_BOTH,AUTOMATIC
verb,let_up,AFFECTS_BOTH,AUTOMATIC
verb,level,AFFECTS_BOTH,GOLD_STANDARD
verb,lift,AFFECTS_BOTH,AUTOMATIC
verb,lighten,AFFECTS_BOTH,AUTOMATIC
verb,liquidate,AFFECTS_BOTH,AUTOMATIC
verb,lock_away,AFFECTS_BOTH,GOLD_STANDARD
verb,lock_out,AFFECTS_BOTH,AUTOMATIC
verb,lock_up,AFFECTS_BOTH,GOLD_STANDARD
verb,loose,AFFECTS_BOTH,AUTOMATIC
verb,loosen,AFFECTS_BOTH,AUTOMATIC
verb,lop_off,AFFECTS_BOTH,AUTOMATIC
verb,lose,AFFECTS_BOTH,AUTOMATIC
verb,louse_up,AFFECTS_POSITIVE,AUTOMATIC
verb,lower,AFFECTS_BOTH,AUTOMATIC
verb,lull,AFFECTS_NEGATIVE,AUTOMATIC
verb,maim,AFFECTS_POSITIVE,GOLD_STANDARD
verb,make_off,AFFECTS_BOTH,AUTOMATIC
verb,make_up,AFFECTS_NEGATIVE,GOLD_STANDARD
verb,mangle,AFFECTS_BOTH,AUTOMATIC
verb,mar,AFFECTS_POSITIVE,AUTOMATIC
verb,meliorate,AFFECTS_NEGATIVE,AUTOMATIC
verb,melt,AFFECTS_BOTH,GOLD_STANDARD
verb,melt_off,AFFECTS_BOTH,AUTOMATIC
verb,mend,AFFECTS_NEGATIVE,AUTOMATIC
verb,mess_up,AFFECTS_POSITIVE,AUTOMATIC
verb,minimize,AFFECTS_NEGATIVE,AUTOMATIC
verb,miscarry,AFFECTS_BOTH,GOLD_STANDARD
verb,mishandle,AFFECTS_POSITIVE,AUTOMATIC
verb,miss,AFFECTS_BOTH,AUTOMATIC
verb,mitigate,AFFECTS_NEGATIVE,AUTOMATIC
verb,moderate,AFFECTS_NEGATIVE,GOLD_STANDARD
verb,molder,AFFECTS_BOTH,AUTOMATIC
verb,mop_up,AFFECTS_BOTH,AUTOMATIC
verb,mothball,AFFECTS_BOTH,GOLD_STANDARD
verb,moulder,AFFECTS_BOTH,GOLD_STANDARD
verb,move_back,AFFECTS_NEGATIVE,GOLD_STANDARD
verb,move_out,AFFECTS_BOTH,GOLD_STANDARD
verb,muck_up,AFFECTS_POSITIVE,AUTOMATIC
verb,muff,AFFECTS_POSITIVE,AUTOMATIC
verb,mutilate,AFFECTS_POSITIVE,AUTOMATIC
verb,muzzle,AFFECTS_NEGATIVE,GOLD_STANDARD
verb,narrow,AFFECTS_POSITIVE,GOLD_STANDARD
verb,narrow_down,AFFECTS_POSITIVE,AUTOMATIC
verb,negate,AFFECTS_BOTH,AUTOMATIC
verb,neglect,AFFECTS_BOTH,AUTOMATIC
verb,neutralise,AFFECTS_BOTH,GOLD_STANDARD
verb,neutralize,AFFECTS_BOTH,AUTOMATIC
verb,nullify,AFFECTS_BOTH,AUTOMATIC
verb,object,AFFECTS_BOTH,GOLD_STANDARD
verb,obliterate,AFFECTS_BOTH,AUTOMATIC
verb,obstruct,AFFECTS_POSITIVE,GOLD_STANDARD
verb,obviate,AFFECTS_NEGATIVE,AUTOMATIC
verb,occlude,AFFECTS_POSITIVE,AUTOMATIC
verb,offend,AFFECTS_POSITIVE,AUTOMATIC
verb,offload,AFFECTS_NEGATIVE,GOLD_STANDARD
verb,omit,AFFECTS_BOTH,AUTOMATIC
verb,oppose,AFFECTS_NEGATIVE,GOLD_STANDARD
verb,ostracise,AFFECTS_NEGATIVE,AUTOMATIC
verb,ostracize,AFFECTS_NEGATIVE,AUTOMATIC
verb,oust,AFFECTS_NEGATIVE,AUTOMATIC
verb,overcome,AFFECTS_NEGATIVE,AUTOMATIC
verb,overlook,AFFECTS_BOTH,AUTOMATIC
verb,override,AFFECTS_BOTH,AUTOMATIC
verb,overrule,AFFECTS_NEGATIVE,GOLD_STANDARD
verb,overthrow,AFFECTS_BOTH,AUTOMATIC
verb,overturn,AFFECTS_BOTH,GOLD_STANDARD
verb,palliate,AFFECTS_NEGATIVE,AUTOMATIC
verb,pare,AFFECTS_BOTH,GOLD_STANDARD
verb,pare_down,AFFECTS_BOTH,AUTOMATIC
verb,parry,AFFECTS_NEGATIVE,AUTOMATIC
verb,part,AFFECTS_BOTH,AUTOMATIC
verb,pass,AFFECTS_BOTH,AUTOMATIC
verb,pass_away,AFFECTS_BOTH,AUTOMATIC
verb,pass_over,AFFECTS_BOTH,AUTOMATIC
verb,pass_up,AFFECTS_BOTH,AUTOMATIC
verb,perish,AFFECTS_BOTH,AUTOMATIC
verb,perturb,AFFECTS_BOTH,AUTOMATIC
verb,pervert,AFFECTS_POSITIVE,AUTOMATIC
verb,peter_out,AFFECTS_BOTH,AUTOMATIC
verb,phase_out,AFFECTS_BOTH,AUTOMATIC
verb,play_out,AFFECTS_BOTH,AUTOMATIC
verb,play_up,AFFECTS_POSITIVE,GOLD_STANDARD
verb,plunge,AFFECTS_BOTH,GOLD_STANDARD
verb,polish_off,AFFECTS_BOTH,AUTOMATIC
verb,pooh-pooh,AFFECTS_NEGATIVE,AUTOMATIC
verb,postpone,AFFECTS_BOTH,GOLD_STANDARD
verb,preclude,AFFECTS_BOTH,AUTOMATIC
verb,preempt,AFFECTS_BOTH,GOLD_STANDARD
verb,prevent,AFFECTS_BOTH,AUTOMATIC
verb,privilege,AFFECTS_NEGATIVE,GOLD_STANDARD
verb,procrastinate,AFFECTS_NEGATIVE,AUTOMATIC
verb,profane,AFFECTS_POSITIVE,AUTOMATIC
verb,prohibit,AFFECTS_BOTH,AUTOMATIC
verb,prorogue,AFFECTS_BOTH,GOLD_STANDARD
verb,protect,AFFECTS_BOTH,AUTOMATIC
verb,prune,AFFECTS_BOTH,AUTOMATIC
verb,pull,AFFECTS_BOTH,AUTOMATIC
verb,pull_away,AFFECTS_NEGATIVE,AUTOMATIC
verb,pull_back,AFFECTS_NEGATIVE,AUTOMATIC
verb,pull_down,AFFECTS_BOTH,AUTOMATIC
verb,pull_out,AFFECTS_BOTH,AUTOMATIC
verb,pull_up,AFFECTS_BOTH,GOLD_STANDARD
verb,pulp,AFFECTS_BOTH,AUTOMATIC
verb,pulverise,AFFECTS_BOTH,GOLD_STANDARD
verb,pulverize,AFFECTS_BOTH,AUTOMATIC
verb,puncture,AFFECTS_BOTH,AUTOMATIC
verb,purge,AFFECTS_BOTH,AUTOMATIC
verb,push_aside,AFFECTS_BOTH,AUTOMATIC
verb,push_back,AFFECTS_NEGATIVE,AUTOMATIC
verb,push_down,AFFECTS_BOTH,AUTOMATIC
verb,put_aside,AFFECTS_NEGATIVE,AUTOMATIC
verb,put_away,AFFECTS_NEGATIVE,GOLD_STANDARD
verb,put_back,AFFECTS_BOTH,AUTOMATIC
verb,put_down,AFFECTS_BOTH,GOLD_STANDARD
verb,put_off,AFFECTS_BOTH,GOLD_STANDARD
verb,putrefy,AFFECTS_BOTH,AUTOMATIC
verb,quail,AFFECTS_NEGATIVE,AUTOMATIC
verb,quash,AFFECTS_NEGATIVE,AUTOMATIC
verb,queer,AFFECTS_POSITIVE,AUTOMATIC
verb,quell,AFFECTS_BOTH,AUTOMATIC
verb,quench,AFFECTS_BOTH,AUTOMATIC
verb,quiet,AFFECTS_NEGATIVE,AUTOMATIC
verb,quieten,AFFECTS_NEGATIVE,GOLD_STANDARD
verb,quit,AFFECTS_BOTH,GOLD_STANDARD
verb,rase,AFFECTS_BOTH,GOLD_STANDARD
verb,ravage,AFFECTS_BOTH,AUTOMATIC
verb,ravel,AFFECTS_BOTH,GOLD_STANDARD
verb,raze,AFFECTS_BOTH,AUTOMATIC
verb,rebut,AFFECTS_BOTH,AUTOMATIC
verb,recall,AFFECTS_NEGATIVE,AUTOMATIC
verb,recant,AFFECTS_NEGATIVE,AUTOMATIC
verb,recede,AFFECTS_NEGATIVE,AUTOMATIC
verb,recess,AFFECTS_BOTH,GOLD_STANDARD
verb,recoil,AFFECTS_NEGATIVE,GOLD_STANDARD
verb,recover,AFFECTS_NEGATIVE,AUTOMATIC
verb,rectify,AFFECTS_NEGATIVE,AUTOMATIC
verb,recuperate,AFFECTS_NEGATIVE,AUTOMATIC
verb,redress,AFFECTS_NEGATIVE,AUTOMATIC
verb,reduce,AFFECTS_BOTH,AUTOMATIC
verb,refuse,AFFECTS_BOTH,AUTOMATIC
verb,refute,AFFECTS_BOTH,GOLD_STANDARD
verb,regenerate,AFFECTS_NEGATIVE,GOLD_STANDARD
verb,regress,AFFECTS_POSITIVE,GOLD_STANDARD
verb,reimburse,AFFECTS_NEGATIVE,GOLD_STANDARD
verb,rein,AFFECTS_BOTH,GOLD_STANDARD
verb,rein_in,AFFECTS_BOTH,GOLD_STANDARD
verb,reject,AFFECTS_BOTH,AUTOMATIC
verb,relieve,AFFECTS_NEGATIVE,AUTOMATIC
verb,relinquish,AFFECTS_NEGATIVE,AUTOMATIC
verb,remediate,AFFECTS_NEGATIVE,GOLD_STANDARD
verb,remedy,AFFECTS_NEGATIVE,GOLD_STANDARD
verb,remove,AFFECTS_BOTH,GOLD_STANDARD
verb,renew,AFFECTS_NEGATIVE,GOLD_STANDARD
verb,renounce,AFFECTS_NEGATIVE,AUTOMATIC
verb,repair,AFFECTS_NEGATIVE,AUTOMATIC
verb,repeal,AFFECTS_NEGATIVE,AUTOMATIC
verb,repel,AFFECTS_NEGATIVE,AUTOMATIC
verb,replace,AFFECTS_BOTH,AUTOMATIC
verb,repress,AFFECTS_BOTH,AUTOMATIC
verb,reprieve,AFFECTS_BOTH,AUTOMATIC
verb,repudiate,AFFECTS_NEGATIVE,AUTOMATIC
verb,repulse,AFFECTS_NEGATIVE,AUTOMATIC
verb,rescind,AFFECTS_BOTH,AUTOMATIC
verb,resile,AFFECTS_NEGATIVE,AUTOMATIC
verb,resist,AFFECTS_NEGATIVE,AUTOMATIC
verb,resolve,AFFECTS_BOTH,AUTOMATIC
verb,restrain,AFFECTS_BOTH,AUTOMATIC
verb,restrict,AFFECTS_POSITIVE,AUTOMATIC
verb,retard,AFFECTS_BOTH,AUTOMATIC
verb,retire,AFFECTS_NEGATIVE,GOLD_STANDARD
verb,retract,AFFECTS_NEGATIVE,GOLD_STANDARD
verb,retreat,AFFECTS_NEGATIVE,AUTOMATIC
verb,retrench,AFFECTS_BOTH,GOLD_STANDARD
verb,retrograde,AFFECTS_POSITIVE,GOLD_STANDARD
verb,retrogress,AFFECTS_POSITIVE,AUTOMATIC
verb,reverse,AFFECTS_BOTH,AUTOMATIC
verb,rid,AFFECTS_NEGATIVE,AUTOMATIC
verb,ride_out,AFFECTS_NEGATIVE,GOLD_STANDARD
verb,right,AFFECTS_NEGATIVE,AUTOMATIC
verb,rinse_off,AFFECTS_NEGATIVE,GOLD_STANDARD
verb,risk,AFFECTS_NEGATIVE,AUTOMATIC
verb,root_out,AFFECTS_NEGATIVE,GOLD_STANDARD
verb,rot,AFFECTS_BOTH,AUTOMATIC
verb,rout,AFFECTS_BOTH,AUTOMATIC
verb,rout_out,AFFECTS_NEGATIVE,GOLD_STANDARD
verb,rub_down,AFFECTS_BOTH,AUTOMATIC
verb,rub_off,AFFECTS_BOTH,AUTOMATIC
verb,rub_out,AFFECTS_BOTH,AUTOMATIC
verb,ruin,AFFECTS_POSITIVE,AUTOMATIC
verb,rule_out,AFFECTS_BOTH,AUTOMATIC
verb,run_away,AFFECTS_NEGATIVE,GOLD_STANDARD
verb,run_down,AFFECTS_BOTH,AUTOMATIC
verb,run_off,AFFECTS_NEGATIVE,GOLD_STANDARD
verb,run_out,AFFECTS_BOTH,AUTOMATIC
verb,run_through,AFFECTS_BOTH,AUTOMATIC
verb,sabotage,AFFECTS_POSITIVE,AUTOMATIC
verb,sacrifice,AFFECTS_POSITIVE,AUTOMATIC
verb,salve,AFFECTS_NEGATIVE,GOLD_STANDARD
verb,sap,AFFECTS_POSITIVE,GOLD_STANDARD
verb,sate,AFFECTS_NEGATIVE,AUTOMATIC
verb,satiate,AFFECTS_NEGATIVE,GOLD_STANDARD
verb,scale_down,AFFECTS_BOTH,AUTOMATIC
verb,scare_away,AFFECTS_BOTH,AUTOMATIC
verb,scare_off,AFFECTS_BOTH,AUTOMATIC
verb,scorch,AFFECTS_BOTH,AUTOMATIC
verb,score_out,AFFECTS_BOTH,GOLD_STANDARD
verb,scorn,AFFECTS_BOTH,AUTOMATIC
verb,scotch,AFFECTS_BOTH,AUTOMATIC
verb,scourge,AFFECTS_BOTH,AUTOMATIC
verb,scram,AFFECTS_BOTH,AUTOMATIC
verb,scrap,AFFECTS_NEGATIVE,AUTOMATIC
verb,scratch,AFFECTS_BOTH,AUTOMATIC
verb,scratch_off,AFFECTS_NEGATIVE,AUTOMATIC
verb,scratch_out,AFFECTS_BOTH,AUTOMATIC
verb,screen_out,AFFECTS_NEGATIVE,AUTOMATIC
verb,screw_up,AFFECTS_POSITIVE,AUTOMATIC
verb,scrub,AFFECTS_BOTH,GOLD_STANDARD
verb,secede,AFFECTS_BOTH,AUTOMATIC
verb,send_away,AFFECTS_BOTH,GOLD_STANDARD
verb,send_off,AFFECTS_BOTH,GOLD_STANDARD
verb,separate,AFFECTS_BOTH,GOLD_STANDARD
verb,set_aside,AFFECTS_BOTH,AUTOMATIC
verb,set_back,AFFECTS_BOTH,AUTOMATIC
verb,settle,AFFECTS_BOTH,GOLD_STANDARD
verb,settle_down,AFFECTS_BOTH,GOLD_STANDARD
verb,shackle,AFFECTS_BOTH,GOLD_STANDARD
verb,shake_off,AFFECTS_NEGATIVE,GOLD_STANDARD
verb,shatter,AFFECTS_BOTH,AUTOMATIC
verb,shelve,AFFECTS_BOTH,AUTOMATIC
verb,shillyshally,AFFECTS_NEGATIVE,AUTOMATIC
verb,shipwreck,AFFECTS_BOTH,AUTOMATIC
verb,shirk,AFFECTS_NEGATIVE,AUTOMATIC
verb,shoo_away,AFFECTS_NEGATIVE,AUTOMATIC
verb,shoo_off,AFFECTS_NEGATIVE,AUTOMATIC
verb,shoot_down,AFFECTS_NEGATIVE,GOLD_STANDARD
verb,shoot_up,AFFECTS_BOTH,GOLD_STANDARD
verb,shorten,AFFECTS_BOTH,AUTOMATIC
verb,shrink,AFFECTS_NEGATIVE,AUTOMATIC
verb,shrink_back,AFFECTS_NEGATIVE,GOLD_STANDARD
verb,shrivel,AFFECTS_POSITIVE,AUTOMATIC
verb,shrivel_up,AFFECTS_POSITIVE,GOLD_STANDARD
verb,shrug_off,AFFECTS_NEGATIVE,GOLD_STANDARD
verb,shun,AFFECTS_NEGATIVE,AUTOMATIC
verb,shut,AFFECTS_BOTH,GOLD_STANDARD
verb,shut_down,AFFECTS_BOTH,AUTOMATIC
verb,shut_off,AFFECTS_BOTH,GOLD_STANDARD
verb,shut_out,AFFECTS_BOTH,GOLD_STANDARD
verb,shut_up,AFFECTS_BOTH,AUTOMATIC
verb,sidestep,AFFECTS_NEGATIVE,AUTOMATIC
verb,sign_away,AFFECTS_NEGATIVE,AUTOMATIC
verb,sign_off,AFFECTS_BOTH,AUTOMATIC
verb,silence,AFFECTS_NEGATIVE,AUTOMATIC
verb,sink,AFFECTS_BOTH,AUTOMATIC
verb,siphon_off,AFFECTS_BOTH,GOLD_STANDARD
verb,skedaddle,AFFECTS_BOTH,AUTOMATIC
verb,skip,AFFECTS_BOTH,AUTOMATIC
verb,skirt,AFFECTS_NEGATIVE,GOLD_STANDARD
verb,slack_off,AFFECTS_BOTH,AUTOMATIC
verb,slacken,AFFECTS_BOTH,AUTOMATIC
verb,slacken_off,AFFECTS_BOTH,AUTOMATIC
verb,slash,AFFECTS_BOTH,AUTOMATIC
verb,slim_down,AFFECTS_BOTH,AUTOMATIC
verb,slip_away,AFFECTS_BOTH,AUTOMATIC
verb,slough_off,AFFECTS_NEGATIVE,AUTOMATIC
verb,slow,AFFECTS_BOTH,GOLD_STANDARD
verb,slow_down,AFFECTS_BOTH,AUTOMATIC
verb,slow_up,AFFECTS_BOTH,AUTOMATIC
verb,slump,AFFECTS_BOTH,AUTOMATIC
verb,smash,AFFECTS_BOTH,AUTOMATIC
verb,smash_up,AFFECTS_BOTH,AUTOMATIC
verb,smooth,AFFECTS_BOTH,AUTOMATIC
verb,smooth_out,AFFECTS_NEGATIVE,AUTOMATIC
verb,smooth_over,AFFECTS_POSITIVE,AUTOMATIC
verb,smother,AFFECTS_POSITIVE,AUTOMATIC
verb,sneak_away,AFFECTS_BOTH,AUTOMATIC
verb,sneak_off,AFFECTS_BOTH,AUTOMATIC
verb,snuff_out,AFFECTS_BOTH,AUTOMATIC
verb,soften,AFFECTS_NEGATIVE,AUTOMATIC
verb,solace,AFFECTS_NEGATIVE,GOLD_STANDARD
verb,solve,AFFECTS_NEGATIVE,AUTOMATIC
verb,soothe,AFFECTS_NEGATIVE,AUTOMATIC
verb,sort_out,AFFECTS_BOTH,AUTOMATIC
verb,spare,AFFECTS_NEGATIVE,AUTOMATIC
verb,spirit_away,AFFECTS_BOTH,AUTOMATIC
verb,spirit_off,AFFECTS_BOTH,AUTOMATIC
verb,splinter,AFFECTS_BOTH,AUTOMATIC
verb,split,AFFECTS_BOTH,AUTOMATIC
verb,split_up,AFFECTS_BOTH,AUTOMATIC
verb,spoil,AFFECTS_POSITIVE,GOLD_STANDARD
verb,spurn,AFFECTS_NEGATIVE,AUTOMATIC
verb,squeeze_out,AFFECTS_BOTH,AUTOMATIC
verb,squelch,AFFECTS_BOTH,AUTOMATIC
verb,squinch,AFFECTS_NEGATIVE,GOLD_STANDARD
verb,stagnate,AFFECTS_POSITIVE,GOLD_STANDARD
verb,stall,AFFECTS_BOTH,AUTOMATIC
verb,stamp_down,AFFECTS_NEGATIVE,GOLD_STANDARD
verb,stamp_out,AFFECTS_BOTH,AUTOMATIC
verb,stand_back,AFFECTS_BOTH,AUTOMATIC
verb,stand_up,AFFECTS_BOTH,AUTOMATIC
verb,stave_off,AFFECTS_NEGATIVE,AUTOMATIC
verb,steal_away,AFFECTS_BOTH,AUTOMATIC
verb,stem,AFFECTS_BOTH,AUTOMATIC
verb,step_down,AFFECTS_BOTH,AUTOMATIC
verb,sterilise,AFFECTS_BOTH,AUTOMATIC
verb,sterilize,AFFECTS_BOTH,GOLD_STANDARD
verb,stick,AFFECTS_BOTH,GOLD_STANDARD
verb,stifle,AFFECTS_POSITIVE,AUTOMATIC
verb,still,AFFECTS_NEGATIVE,GOLD_STANDARD
verb,stop,AFFECTS_BOTH,GOLD_STANDARD
verb,straighten_out,AFFECTS_NEGATIVE,AUTOMATIC
verb,strangle,AFFECTS_BOTH,AUTOMATIC
verb,strangulate,AFFECTS_BOTH,GOLD_STANDARD
verb,strike_down,AFFECTS_POSITIVE,AUTOMATIC
verb,strike_off,AFFECTS_BOTH,GOLD_STANDARD
verb,strike_out,AFFECTS_BOTH,AUTOMATIC
verb,strip,AFFECTS_BOTH,AUTOMATIC
verb,stultify,AFFECTS_POSITIVE,GOLD_STANDARD
verb,stunt,AFFECTS_POSITIVE,GOLD_STANDARD
verb,stymie,AFFECTS_BOTH,GOLD_STANDARD
verb,stymy,AFFECTS_BOTH,AUTOMATIC
verb,sub,AFFECTS_BOTH,GOLD_STANDARD
verb,subdue,AFFECTS_NEGATIVE,AUTOMATIC
verb,subjugate,AFFECTS_NEGATIVE,GOLD_STANDARD
verb,subside,AFFECTS_BOTH,AUTOMATIC
verb,substitute,AFFECTS_BOTH,AUTOMATIC
verb,subvert,AFFECTS_POSITIVE,AUTOMATIC
verb,suffer,AFFECTS_BOTH,AUTOMATIC
verb,suffocate,AFFECTS_POSITIVE,AUTOMATIC
verb,sunder,AFFECTS_BOTH,AUTOMATIC
verb,supercede,AFFECTS_POSITIVE,AUTOMATIC
verb,supersede,AFFECTS_BOTH,AUTOMATIC
verb,supervene_upon,AFFECTS_BOTH,AUTOMATIC
verb,supplant,AFFECTS_BOTH,GOLD_STANDARD
verb,suppress,AFFECTS_NEGATIVE,AUTOMATIC
verb,surrender,AFFECTS_NEGATIVE,AUTOMATIC
verb,suspend,AFFECTS_BOTH,AUTOMATIC
verb,swallow,AFFECTS_NEGATIVE,GOLD_STANDARD
verb,sweep_away,AFFECTS_BOTH,AUTOMATIC
verb,sweep_up,AFFECTS_BOTH,GOLD_STANDARD
verb,switch,AFFECTS_BOTH,GOLD_STANDARD
verb,take_away,AFFECTS_BOTH,GOLD_STANDARD
verb,take_back,AFFECTS_NEGATIVE,GOLD_STANDARD
verb,take_down,AFFECTS_BOTH,AUTOMATIC
verb,take_off,AFFECTS_BOTH,GOLD_STANDARD
verb,take_out,AFFECTS_BOTH,AUTOMATIC
verb,talk_down,AFFECTS_NEGATIVE,GOLD_STANDARD
verb,tank,AFFECTS_POSITIVE,GOLD_STANDARD
verb,taper_off,AFFECTS_BOTH,AUTOMATIC
verb,tear_away,AFFECTS_BOTH,GOLD_STANDARD
verb,tear_down,AFFECTS_BOTH,AUTOMATIC
verb,tear_off,AFFECTS_BOTH,GOLD_STANDARD
verb,terminate,AFFECTS_BOTH,AUTOMATIC
verb,thin,AFFECTS_BOTH,AUTOMATIC
verb,thin_out,AFFECTS_BOTH,AUTOMATIC
verb,throttle,AFFECTS_BOTH,AUTOMATIC
verb,throw_away,AFFECTS_NEGATIVE,GOLD_STANDARD
verb,throw_off,AFFECTS_NEGATIVE,AUTOMATIC
verb,throw_out,AFFECTS_NEGATIVE,AUTOMATIC
verb,thwart,AFFECTS_POSITIVE,AUTOMATIC
verb,tie_up,AFFECTS_BOTH,AUTOMATIC
verb,toss_away,AFFECTS_NEGATIVE,AUTOMATIC
verb,toss_out,AFFECTS_NEGATIVE,GOLD_STANDARD
verb,trammel,AFFECTS_POSITIVE,GOLD_STANDARD
verb,transgress,AFFECTS_POSITIVE,AUTOMATIC
verb,trash,AFFECTS_NEGATIVE,GOLD_STANDARD
verb,trim,AFFECTS_BOTH,AUTOMATIC
verb,trim_back,AFFECTS_BOTH,AUTOMATIC
verb,trim_down,AFFECTS_BOTH,AUTOMATIC
verb,trounce,AFFECTS_BOTH,GOLD_STANDARD
verb,tumble,AFFECTS_BOTH,AUTOMATIC
verb,turn,AFFECTS_POSITIVE,GOLD_STANDARD
verb,turn_away,AFFECTS_BOTH,GOLD_STANDARD
verb,turn_back,AFFECTS_NEGATIVE,AUTOMATIC
verb,turn_down,AFFECTS_BOTH,AUTOMATIC
verb,turn_off,AFFECTS_BOTH,AUTOMATIC
verb,turn_out,AFFECTS_BOTH,AUTOMATIC
verb,unbrace,AFFECTS_BOTH,AUTOMATIC
verb,unburden,AFFECTS_BOTH,AUTOMATIC
verb,undermine,AFFECTS_POSITIVE,GOLD_STANDARD
verb,undo,AFFECTS_BOTH,AUTOMATIC
verb,unhand,AFFECTS_BOTH,GOLD_STANDARD
verb,unlade,AFFECTS_BOTH,AUTOMATIC
verb,unload,AFFECTS_NEGATIVE,AUTOMATIC
verb,unmake,AFFECTS_POSITIVE,AUTOMATIC
verb,unpick,AFFECTS_BOTH,GOLD_STANDARD
verb,unravel,AFFECTS_BOTH,AUTOMATIC
verb,unsay,AFFECTS_NEGATIVE,GOLD_STANDARD
verb,unsettle,AFFECTS_BOTH,GOLD_STANDARD
verb,untangle,AFFECTS_BOTH,AUTOMATIC
verb,uproot,AFFECTS_NEGATIVE,AUTOMATIC
verb,upset,AFFECTS_BOTH,AUTOMATIC
verb,use_up,AFFECTS_BOTH,GOLD_STANDARD
verb,vacate,AFFECTS_BOTH,AUTOMATIC
verb,vamoose,AFFECTS_BOTH,GOLD_STANDARD
verb,vandalise,AFFECTS_POSITIVE,GOLD_STANDARD
verb,vandalize,AFFECTS_POSITIVE,GOLD_STANDARD
verb,vanish,AFFECTS_BOTH,AUTOMATIC
verb,vanquish,AFFECTS_BOTH,AUTOMATIC
verb,vaporize,AFFECTS_BOTH,AUTOMATIC
verb,violate,AFFECTS_POSITIVE,AUTOMATIC
verb,vitiate,AFFECTS_POSITIVE,AUTOMATIC
verb,void,AFFECTS_BOTH,AUTOMATIC
verb,vote_out,AFFECTS_NEGATIVE,AUTOMATIC
verb,waive,AFFECTS_POSITIVE,AUTOMATIC
verb,walk,AFFECTS_BOTH,GOLD_STANDARD
verb,walk_away,AFFECTS_BOTH,AUTOMATIC
verb,walk_off,AFFECTS_NEGATIVE,AUTOMATIC
verb,walk_out,AFFECTS_BOTH,AUTOMATIC
verb,wane,AFFECTS_BOTH,AUTOMATIC
verb,ward_off,AFFECTS_NEGATIVE,GOLD_STANDARD
verb,wash_away,AFFECTS_BOTH,AUTOMATIC
verb,wash_off,AFFECTS_BOTH,AUTOMATIC
verb,wash_out,AFFECTS_BOTH,AUTOMATIC
verb,waste,AFFECTS_BOTH,AUTOMATIC
verb,water_down,AFFECTS_BOTH,AUTOMATIC
verb,wave_off,AFFECTS_NEGATIVE,AUTOMATIC
verb,weaken,AFFECTS_BOTH,AUTOMATIC
verb,wear_away,AFFECTS_BOTH,GOLD_STANDARD
verb,wear_down,AFFECTS_BOTH,AUTOMATIC
verb,wear_off,AFFECTS_BOTH,GOLD_STANDARD
verb,wear_out,AFFECTS_BOTH,AUTOMATIC
verb,weed_out,AFFECTS_NEGATIVE,AUTOMATIC
verb,welch,AFFECTS_POSITIVE,AUTOMATIC
verb,welsh,AFFECTS_POSITIVE,GOLD_STANDARD
verb,whap,AFFECTS_BOTH,GOLD_STANDARD
verb,whisk_away,AFFECTS_BOTH,AUTOMATIC
verb,whisk_off,AFFECTS_BOTH,AUTOMATIC
verb,whittle_away,AFFECTS_BOTH,AUTOMATIC
verb,whittle_down,AFFECTS_BOTH,AUTOMATIC
verb,wilt,AFFECTS_BOTH,AUTOMATIC
verb,wince,AFFECTS_NEGATIVE,AUTOMATIC
verb,winkle_out,AFFECTS_BOTH,GOLD_STANDARD
verb,winnow_out,AFFECTS_BOTH,GOLD_STANDARD
verb,wipe,AFFECTS_BOTH,GOLD_STANDARD
verb,wipe_away,AFFECTS_BOTH,AUTOMATIC
verb,wipe_off,AFFECTS_BOTH,AUTOMATIC
verb,wipe_out,AFFECTS_BOTH,AUTOMATIC
verb,withdraw,AFFECTS_NEGATIVE,AUTOMATIC
verb,wither,AFFECTS_POSITIVE,GOLD_STANDARD
verb,withhold,AFFECTS_BOTH,GOLD_STANDARD
verb,withstand,AFFECTS_BOTH,AUTOMATIC
verb,work_off,AFFECTS_NEGATIVE,GOLD_STANDARD
verb,worsen,AFFECTS_BOTH,AUTOMATIC
verb,worst,AFFECTS_BOTH,GOLD_STANDARD
verb,wrack,AFFECTS_BOTH,AUTOMATIC
verb,wrap_up,AFFECTS_BOTH,AUTOMATIC
verb,wreck,AFFECTS_BOTH,AUTOMATIC
verb,write_off,AFFECTS_BOTH,AUTOMATIC